,sender_num,platform,ave_total_time,data_num,data_size,throughput[GB/s]
0,1,GPU-MPI,0.09257,640,8,0.05274724532786
1,1,GPU-MPI,0.092599,640,8,0.05273072603375847
2,1,GPU-MPI,0.092771,640,8,0.05263296180918606
3,1,GPU-MPI,0.092756,640,8,0.05264147332787097
4,1,GPU-MPI,0.092701,640,8,0.05267270579605398
5,1,GPU-MPI,0.092665,640,8,0.05269316894188745
6,1,GPU-MPI,0.092512,640,8,0.05278031498616396
7,1,GPU-MPI,0.092493,640,8,0.0527911571686506
8,1,GPU-MPI,0.09254,640,8,0.05276434514804409
9,1,GPU-MPI,0.092554,640,8,0.052756363852453705
10,1,GPU-MPI,0.092537,640,8,0.052766055739866216
11,1,GPU-MPI,0.092531,640,8,0.05276947725627087
12,1,GPU-MPI,0.092544,640,8,0.05276206453146611
13,1,GPU-MPI,0.09254,640,8,0.05276434514804409
14,1,GPU-MPI,0.092545,640,8,0.052761494408125775
15,1,GPU-MPI,0.092566,640,8,0.05274952466348336
16,1,GPU-MPI,0.092577,640,8,0.052743256964472816
17,1,GPU-MPI,0.092537,640,8,0.052766055739866216
18,1,GPU-MPI,0.092535,640,8,0.05276719619603393
19,1,GPU-MPI,0.092549,640,8,0.05275921403796907
20,1,GPU-MPI,0.092617,640,8,0.05272047788203029
21,1,GPU-MPI,0.09259,640,8,0.052735851603844905
22,1,GPU-MPI,0.092583,640,8,0.052739838847304585
23,1,GPU-MPI,0.092545,640,8,0.052761494408125775
24,1,GPU-MPI,0.092537,640,8,0.052766055739866216
25,1,GPU-MPI,0.092539,640,8,0.05276491533299474
26,1,GPU-MPI,0.092595,640,8,0.05273300394189751
27,1,GPU-MPI,0.09254,640,8,0.05276434514804409
28,1,GPU-MPI,0.092579,640,8,0.052742117542855294
29,1,GPU-MPI,0.092537,640,8,0.052766055739866216
30,1,GPU-MPI,0.092536,640,8,0.05276662596178785
31,1,GPU-MPI,0.092547,640,8,0.05276035419840729
32,1,GPU-MPI,0.092568,640,8,0.052748384971048314
33,1,GPU-MPI,0.092528,640,8,0.05277118818087498
34,1,GPU-MPI,0.092528,640,8,0.05277118818087498
35,1,GPU-MPI,0.092553,640,8,0.05275693386492064
36,1,GPU-MPI,0.09254,640,8,0.05276434514804409
37,1,GPU-MPI,0.09253,640,8,0.05277004755214525
38,1,GPU-MPI,0.092532,640,8,0.05276890697272295
39,1,GPU-MPI,0.092531,640,8,0.05276947725627087
40,1,GPU-MPI,0.092522,640,8,0.05277461036294071
41,1,GPU-MPI,0.092517,640,8,0.052777462520401656
42,1,GPU-MPI,0.09252,640,8,0.05277575118893212
43,1,GPU-MPI,0.092518,640,8,0.052776892064246954
44,1,GPU-MPI,0.092518,640,8,0.052776892064246954
45,1,GPU-MPI,0.092532,640,8,0.05276890697272295
46,1,GPU-MPI,0.092548,640,8,0.05275978411202835
47,1,GPU-MPI,0.09253,640,8,0.05277004755214525
48,1,GPU-MPI,0.092536,640,8,0.05276662596178785
49,1,GPU-MPI,0.092574,640,8,0.05274496618921079
50,1,GPU-MPI,0.09252,640,8,0.05277575118893212
51,1,GPU-MPI,0.09257,640,8,0.05274724532786
52,1,GPU-MPI,0.092532,640,8,0.05276890697272295
53,1,GPU-MPI,0.092528,640,8,0.05277118818087498
54,1,GPU-MPI,0.092534,640,8,0.05276776644260488
55,1,GPU-MPI,0.092533,640,8,0.052768336701501085
56,1,GPU-MPI,0.092531,640,8,0.05276947725627087
57,1,GPU-MPI,0.092525,640,8,0.05277289921642799
58,1,GPU-MPI,0.092529,640,8,0.05277061786034649
59,1,GPU-MPI,0.092524,640,8,0.05277346958626951
60,1,GPU-MPI,0.09253,640,8,0.05277004755214525
61,1,GPU-MPI,0.092526,640,8,0.052772328858915335
62,1,GPU-MPI,0.092521,640,8,0.05277518076977118
63,1,GPU-MPI,0.092517,640,8,0.052777462520401656
64,1,GPU-MPI,0.092514,640,8,0.05277917396285967
65,1,GPU-MPI,0.092535,640,8,0.05276719619603393
66,1,GPU-MPI,0.092529,640,8,0.05277061786034649
67,1,GPU-MPI,0.092537,640,8,0.052766055739866216
68,1,GPU-MPI,0.092522,640,8,0.05277461036294071
69,1,GPU-MPI,0.092556,640,8,0.05275522386447124
70,1,GPU-MPI,0.092537,640,8,0.052766055739866216
71,1,GPU-MPI,0.092536,640,8,0.05276662596178785
72,1,GPU-MPI,0.092529,640,8,0.05277061786034649
73,1,GPU-MPI,0.09254,640,8,0.05276434514804409
74,1,GPU-MPI,0.092598,640,8,0.05273129549234325
75,1,GPU-MPI,0.092571,640,8,0.05274667552473237
76,1,GPU-MPI,0.092549,640,8,0.05275921403796907
77,1,GPU-MPI,0.092564,640,8,0.05275066440516832
78,1,GPU-MPI,0.092533,640,8,0.052768336701501085
79,1,GPU-MPI,0.09252,640,8,0.05277575118893212
80,1,GPU-MPI,0.092559,640,8,0.05275351397487008
81,1,GPU-MPI,0.092529,640,8,0.05277061786034649
82,1,GPU-MPI,0.092522,640,8,0.05277461036294071
83,1,GPU-MPI,0.092527,640,8,0.05277175851373113
84,1,GPU-MPI,0.092535,640,8,0.05276719619603393
85,1,GPU-MPI,0.092536,640,8,0.05276662596178785
86,1,GPU-MPI,0.092539,640,8,0.05276491533299474
87,1,GPU-MPI,0.092548,640,8,0.05275978411202835
88,1,GPU-MPI,0.092534,640,8,0.05276776644260488
89,1,GPU-MPI,0.092536,640,8,0.05276662596178785
90,1,GPU-MPI,0.092541,640,8,0.0527637749754163
91,1,GPU-MPI,0.092552,640,8,0.05275750388970525
92,1,GPU-MPI,0.092541,640,8,0.0527637749754163
93,1,GPU-MPI,0.09254,640,8,0.05276434514804409
94,1,GPU-MPI,0.092538,640,8,0.05276548553026865
95,1,GPU-MPI,0.092544,640,8,0.05276206453146611
96,1,GPU-MPI,0.092542,640,8,0.05276320481511098
97,1,GPU-MPI,0.092552,640,8,0.05275750388970525
98,1,GPU-MPI,0.092543,640,8,0.05276263466712772
99,1,GPU-MPI,0.092534,640,8,0.05276776644260488
100,1,GPU-MPI,0.092542,640,8,0.05276320481511098
101,1,GPU-MPI,0.092547,640,8,0.05276035419840729
102,1,GPU-MPI,0.092543,640,8,0.05276263466712772
103,1,GPU-MPI,0.09254,640,8,0.05276434514804409
104,1,GPU-MPI,0.092554,640,8,0.052756363852453705
105,1,GPU-MPI,0.092551,640,8,0.052758073926807925
106,1,GPU-MPI,0.092564,640,8,0.05275066440516832
107,1,GPU-MPI,0.092544,640,8,0.05276206453146611
108,1,GPU-MPI,0.09255,640,8,0.05275864397622907
109,1,GPU-MPI,0.092547,640,8,0.05276035419840729
110,1,GPU-MPI,0.092555,640,8,0.052755793852304035
111,1,GPU-MPI,0.092549,640,8,0.05275921403796907
112,1,GPU-MPI,0.09253,640,8,0.05277004755214525
113,1,GPU-MPI,0.092538,640,8,0.05276548553026865
114,1,GPU-MPI,0.092532,640,8,0.05276890697272295
115,1,GPU-MPI,0.092534,640,8,0.05276776644260488
116,1,GPU-MPI,0.092543,640,8,0.05276263466712772
117,1,GPU-MPI,0.092546,640,8,0.0527609242971063
118,1,GPU-MPI,0.092531,640,8,0.05276947725627087
119,1,GPU-MPI,0.092537,640,8,0.052766055739866216
120,1,GPU-MPI,0.092536,640,8,0.05276662596178785
121,1,GPU-MPI,0.092542,640,8,0.05276320481511098
122,1,GPU-MPI,0.092541,640,8,0.0527637749754163
123,1,GPU-MPI,0.092545,640,8,0.052761494408125775
124,1,GPU-MPI,0.092537,640,8,0.052766055739866216
125,1,GPU-MPI,0.092551,640,8,0.052758073926807925
126,1,GPU-MPI,0.092544,640,8,0.05276206453146611
127,1,GPU-MPI,0.092533,640,8,0.052768336701501085
128,1,GPU-MPI,0.092549,640,8,0.05275921403796907
129,1,GPU-MPI,0.092537,640,8,0.052766055739866216
130,1,GPU-MPI,0.092539,640,8,0.05276491533299474
131,1,GPU-MPI,0.092559,640,8,0.05275351397487008
132,1,GPU-MPI,0.09257,640,8,0.05274724532786
133,1,GPU-MPI,0.092534,640,8,0.05276776644260488
134,1,GPU-MPI,0.092541,640,8,0.0527637749754163
135,1,GPU-MPI,0.092536,640,8,0.05276662596178785
136,1,GPU-MPI,0.092549,640,8,0.05275921403796907
137,1,GPU-MPI,0.092539,640,8,0.05276491533299474
138,1,GPU-MPI,0.092531,640,8,0.05276947725627087
139,1,GPU-MPI,0.092547,640,8,0.05276035419840729
140,1,GPU-MPI,0.092539,640,8,0.05276491533299474
141,1,GPU-MPI,0.09256,640,8,0.05275294403630078
142,1,GPU-MPI,0.092544,640,8,0.05276206453146611
143,1,GPU-MPI,0.092537,640,8,0.052766055739866216
144,1,GPU-MPI,0.09253,640,8,0.05277004755214525
145,1,GPU-MPI,0.092533,640,8,0.052768336701501085
146,1,GPU-MPI,0.092524,640,8,0.05277346958626951
147,1,GPU-MPI,0.092522,640,8,0.05277461036294071
148,1,GPU-MPI,0.092528,640,8,0.05277118818087498
149,1,GPU-MPI,0.092515,640,8,0.05277860346970761
150,1,GPU-MPI,0.092546,640,8,0.0527609242971063
151,1,GPU-MPI,0.092541,640,8,0.0527637749754163
152,1,GPU-MPI,0.092529,640,8,0.05277061786034649
153,1,GPU-MPI,0.092522,640,8,0.05277461036294071
154,1,GPU-MPI,0.09252,640,8,0.05277575118893212
155,1,GPU-MPI,0.092526,640,8,0.052772328858915335
156,1,GPU-MPI,0.092538,640,8,0.05276548553026865
157,1,GPU-MPI,0.092538,640,8,0.05276548553026865
158,1,GPU-MPI,0.092537,640,8,0.052766055739866216
159,1,GPU-MPI,0.092565,640,8,0.052750094528169394
160,1,GPU-MPI,0.092523,640,8,0.05277403996844028
161,1,GPU-MPI,0.092524,640,8,0.05277346958626951
162,1,GPU-MPI,0.092536,640,8,0.05276662596178785
163,1,GPU-MPI,0.092535,640,8,0.05276719619603393
164,1,GPU-MPI,0.092526,640,8,0.052772328858915335
165,1,GPU-MPI,0.092535,640,8,0.05276719619603393
166,1,GPU-MPI,0.092529,640,8,0.05277061786034649
167,1,GPU-MPI,0.092528,640,8,0.05277118818087498
168,1,GPU-MPI,0.092525,640,8,0.05277289921642799
169,1,GPU-MPI,0.092529,640,8,0.05277061786034649
170,1,GPU-MPI,0.092532,640,8,0.05276890697272295
171,1,GPU-MPI,0.092535,640,8,0.05276719619603393
172,1,GPU-MPI,0.092538,640,8,0.05276548553026865
173,1,GPU-MPI,0.09254,640,8,0.05276434514804409
174,1,GPU-MPI,0.092542,640,8,0.05276320481511098
175,1,GPU-MPI,0.092528,640,8,0.05277118818087498
176,1,GPU-MPI,0.092539,640,8,0.05276491533299474
177,1,GPU-MPI,0.092531,640,8,0.05276947725627087
178,1,GPU-MPI,0.092548,640,8,0.05275978411202835
179,1,GPU-MPI,0.092543,640,8,0.05276263466712772
180,1,GPU-MPI,0.092549,640,8,0.05275921403796907
181,1,GPU-MPI,0.09257,640,8,0.05274724532786
182,1,GPU-MPI,0.09254,640,8,0.05276434514804409
183,1,GPU-MPI,0.09253,640,8,0.05277004755214525
184,1,GPU-MPI,0.092524,640,8,0.05277346958626951
185,1,GPU-MPI,0.092534,640,8,0.05276776644260488
186,1,GPU-MPI,0.092547,640,8,0.05276035419840729
187,1,GPU-MPI,0.092568,640,8,0.052748384971048314
188,1,GPU-MPI,0.092536,640,8,0.05276662596178785
189,1,GPU-MPI,0.092532,640,8,0.05276890697272295
190,1,GPU-MPI,0.092527,640,8,0.05277175851373113
191,1,GPU-MPI,0.092523,640,8,0.05277403996844028
192,1,GPU-MPI,0.092541,640,8,0.0527637749754163
193,1,GPU-MPI,0.092524,640,8,0.05277346958626951
194,1,GPU-MPI,0.092538,640,8,0.05276548553026865
195,1,GPU-MPI,0.092534,640,8,0.05276776644260488
196,1,GPU-MPI,0.09254,640,8,0.05276434514804409
197,1,GPU-MPI,0.09254,640,8,0.05276434514804409
198,1,GPU-MPI,0.09253,640,8,0.05277004755214525
199,1,GPU-MPI,0.092536,640,8,0.05276662596178785
200,1,GPU-MPI,0.092532,640,8,0.05276890697272295
201,1,GPU-MPI,0.092539,640,8,0.05276491533299474
202,1,GPU-MPI,0.092548,640,8,0.05275978411202835
203,1,GPU-MPI,0.092545,640,8,0.052761494408125775
204,1,GPU-MPI,0.092541,640,8,0.0527637749754163
205,1,GPU-MPI,0.092543,640,8,0.05276263466712772
206,1,GPU-MPI,0.092532,640,8,0.05276890697272295
207,1,GPU-MPI,0.09253,640,8,0.05277004755214525
208,1,GPU-MPI,0.092534,640,8,0.05276776644260488
209,1,GPU-MPI,0.092525,640,8,0.05277289921642799
210,1,GPU-MPI,0.092555,640,8,0.052755793852304035
211,1,GPU-MPI,0.092528,640,8,0.05277118818087498
212,1,GPU-MPI,0.092519,640,8,0.05277632162042391
213,1,GPU-MPI,0.092542,640,8,0.05276320481511098
214,1,GPU-MPI,0.092566,640,8,0.05274952466348336
215,1,GPU-MPI,0.092536,640,8,0.05276662596178785
216,1,GPU-MPI,0.092528,640,8,0.05277118818087498
217,1,GPU-MPI,0.092537,640,8,0.052766055739866216
218,1,GPU-MPI,0.092543,640,8,0.05276263466712772
219,1,GPU-MPI,0.092546,640,8,0.0527609242971063
220,1,GPU-MPI,0.092551,640,8,0.052758073926807925
221,1,GPU-MPI,0.092536,640,8,0.05276662596178785
222,1,GPU-MPI,0.092538,640,8,0.05276548553026865
223,1,GPU-MPI,0.092523,640,8,0.05277403996844028
224,1,GPU-MPI,0.092539,640,8,0.05276491533299474
225,1,GPU-MPI,0.092532,640,8,0.05276890697272295
226,1,GPU-MPI,0.09253,640,8,0.05277004755214525
227,1,GPU-MPI,0.092538,640,8,0.05276548553026865
228,1,GPU-MPI,0.092539,640,8,0.05276491533299474
229,1,GPU-MPI,0.092524,640,8,0.05277346958626951
230,1,GPU-MPI,0.092535,640,8,0.05276719619603393
231,1,GPU-MPI,0.09254,640,8,0.05276434514804409
232,1,GPU-MPI,0.092536,640,8,0.05276662596178785
233,1,GPU-MPI,0.092532,640,8,0.05276890697272295
234,1,GPU-MPI,0.092528,640,8,0.05277118818087498
235,1,GPU-MPI,0.092538,640,8,0.05276548553026865
236,1,GPU-MPI,0.09254,640,8,0.05276434514804409
237,1,GPU-MPI,0.092534,640,8,0.05276776644260488
238,1,GPU-MPI,0.092536,640,8,0.05276662596178785
239,1,GPU-MPI,0.092531,640,8,0.05276947725627087
240,1,GPU-MPI,0.092541,640,8,0.0527637749754163
241,1,GPU-MPI,0.092548,640,8,0.05275978411202835
242,1,GPU-MPI,0.092564,640,8,0.05275066440516832
243,1,GPU-MPI,0.09253,640,8,0.05277004755214525
244,1,GPU-MPI,0.092539,640,8,0.05276491533299474
245,1,GPU-MPI,0.092536,640,8,0.05276662596178785
246,1,GPU-MPI,0.092536,640,8,0.05276662596178785
247,1,GPU-MPI,0.092538,640,8,0.05276548553026865
248,1,GPU-MPI,0.092528,640,8,0.05277118818087498
249,1,GPU-MPI,0.092531,640,8,0.05276947725627087
250,1,GPU-MPI,0.092533,640,8,0.052768336701501085
251,1,GPU-MPI,0.092525,640,8,0.05277289921642799
252,1,GPU-MPI,0.092525,640,8,0.05277289921642799
253,1,GPU-MPI,0.092527,640,8,0.05277175851373113
254,1,GPU-MPI,0.092525,640,8,0.05277289921642799
255,1,GPU-MPI,0.092531,640,8,0.05276947725627087
256,1,GPU-MPI,0.092532,640,8,0.05276890697272295
257,1,GPU-MPI,0.092531,640,8,0.05276947725627087
258,1,GPU-MPI,0.092534,640,8,0.05276776644260488
259,1,GPU-MPI,0.092548,640,8,0.05275978411202835
260,1,GPU-MPI,0.092545,640,8,0.052761494408125775
261,1,GPU-MPI,0.092572,640,8,0.05274610573391522
262,1,GPU-MPI,0.09255,640,8,0.05275864397622907
263,1,GPU-MPI,0.092544,640,8,0.05276206453146611
264,1,GPU-MPI,0.092542,640,8,0.05276320481511098
265,1,GPU-MPI,0.09254,640,8,0.05276434514804409
266,1,GPU-MPI,0.092536,640,8,0.05276662596178785
267,1,GPU-MPI,0.092537,640,8,0.052766055739866216
268,1,GPU-MPI,0.092563,640,8,0.05275123429448051
269,1,GPU-MPI,0.092542,640,8,0.05276320481511098
270,1,GPU-MPI,0.092538,640,8,0.05276548553026865
271,1,GPU-MPI,0.092539,640,8,0.05276491533299474
272,1,GPU-MPI,0.092535,640,8,0.05276719619603393
273,1,GPU-MPI,0.092545,640,8,0.052761494408125775
274,1,GPU-MPI,0.092535,640,8,0.05276719619603393
275,1,GPU-MPI,0.092528,640,8,0.05277118818087498
276,1,GPU-MPI,0.092529,640,8,0.05277061786034649
277,1,GPU-MPI,0.092532,640,8,0.05276890697272295
278,1,GPU-MPI,0.092531,640,8,0.05276947725627087
279,1,GPU-MPI,0.092531,640,8,0.05276947725627087
280,1,GPU-MPI,0.092533,640,8,0.052768336701501085
281,1,GPU-MPI,0.092534,640,8,0.05276776644260488
282,1,GPU-MPI,0.092532,640,8,0.05276890697272295
283,1,GPU-MPI,0.092532,640,8,0.05276890697272295
284,1,GPU-MPI,0.092526,640,8,0.052772328858915335
285,1,GPU-MPI,0.092522,640,8,0.05277461036294071
286,1,GPU-MPI,0.092519,640,8,0.05277632162042391
287,1,GPU-MPI,0.092518,640,8,0.052776892064246954
288,1,GPU-MPI,0.092534,640,8,0.05276776644260488
289,1,GPU-MPI,0.092517,640,8,0.052777462520401656
290,1,GPU-MPI,0.092538,640,8,0.05276548553026865
291,1,GPU-MPI,0.092522,640,8,0.05277461036294071
292,1,GPU-MPI,0.092535,640,8,0.05276719619603393
293,1,GPU-MPI,0.092526,640,8,0.052772328858915335
294,1,GPU-MPI,0.092525,640,8,0.05277289921642799
295,1,GPU-MPI,0.092534,640,8,0.05276776644260488
296,1,GPU-MPI,0.092576,640,8,0.052743826693743515
297,1,GPU-MPI,0.092567,640,8,0.05274895481110979
298,1,GPU-MPI,0.092542,640,8,0.05276320481511098
299,1,GPU-MPI,0.092532,640,8,0.05276890697272295
300,1,GPU-MPI,0.09253,640,8,0.05277004755214525
301,1,GPU-MPI,0.092541,640,8,0.0527637749754163
302,1,GPU-MPI,0.092541,640,8,0.0527637749754163
303,1,GPU-MPI,0.092548,640,8,0.05275978411202835
304,1,GPU-MPI,0.092543,640,8,0.05276263466712772
305,1,GPU-MPI,0.092545,640,8,0.052761494408125775
306,1,GPU-MPI,0.092543,640,8,0.05276263466712772
307,1,GPU-MPI,0.092541,640,8,0.0527637749754163
308,1,GPU-MPI,0.092536,640,8,0.05276662596178785
309,1,GPU-MPI,0.092531,640,8,0.05276947725627087
310,1,GPU-MPI,0.092536,640,8,0.05276662596178785
311,1,GPU-MPI,0.092539,640,8,0.05276491533299474
312,1,GPU-MPI,0.092543,640,8,0.05276263466712772
313,1,GPU-MPI,0.092541,640,8,0.0527637749754163
314,1,GPU-MPI,0.092534,640,8,0.05276776644260488
315,1,GPU-MPI,0.092531,640,8,0.05276947725627087
316,1,GPU-MPI,0.092548,640,8,0.05275978411202835
317,1,GPU-MPI,0.092534,640,8,0.05276776644260488
318,1,GPU-MPI,0.092546,640,8,0.0527609242971063
319,1,GPU-MPI,0.092539,640,8,0.05276491533299474
320,1,GPU-MPI,0.092537,640,8,0.052766055739866216
321,1,GPU-MPI,0.092541,640,8,0.0527637749754163
322,1,GPU-MPI,0.092547,640,8,0.05276035419840729
323,1,GPU-MPI,0.092548,640,8,0.05275978411202835
324,1,GPU-MPI,0.092554,640,8,0.052756363852453705
325,1,GPU-MPI,0.092543,640,8,0.05276263466712772
326,1,GPU-MPI,0.092528,640,8,0.05277118818087498
327,1,GPU-MPI,0.092531,640,8,0.05276947725627087
328,1,GPU-MPI,0.092519,640,8,0.05277632162042391
329,1,GPU-MPI,0.092537,640,8,0.052766055739866216
330,1,GPU-MPI,0.092521,640,8,0.05277518076977118
331,1,GPU-MPI,0.092539,640,8,0.05276491533299474
332,1,GPU-MPI,0.09254,640,8,0.05276434514804409
333,1,GPU-MPI,0.092539,640,8,0.05276491533299474
334,1,GPU-MPI,0.092525,640,8,0.05277289921642799
335,1,GPU-MPI,0.092528,640,8,0.05277118818087498
336,1,GPU-MPI,0.092527,640,8,0.05277175851373113
337,1,GPU-MPI,0.09252,640,8,0.05277575118893212
338,1,GPU-MPI,0.092532,640,8,0.05276890697272295
339,1,GPU-MPI,0.092563,640,8,0.05275123429448051
340,1,GPU-MPI,0.092537,640,8,0.052766055739866216
341,1,GPU-MPI,0.092541,640,8,0.0527637749754163
342,1,GPU-MPI,0.092538,640,8,0.05276548553026865
343,1,GPU-MPI,0.092542,640,8,0.05276320481511098
344,1,GPU-MPI,0.09253,640,8,0.05277004755214525
345,1,GPU-MPI,0.092532,640,8,0.05276890697272295
346,1,GPU-MPI,0.092531,640,8,0.05276947725627087
347,1,GPU-MPI,0.09251,640,8,0.05278145605880446
348,1,GPU-MPI,0.09252,640,8,0.05277575118893212
349,1,GPU-MPI,0.092533,640,8,0.052768336701501085
350,1,GPU-MPI,0.092528,640,8,0.05277118818087498
351,1,GPU-MPI,0.092544,640,8,0.05276206453146611
352,1,GPU-MPI,0.092529,640,8,0.05277061786034649
353,1,GPU-MPI,0.09252,640,8,0.05277575118893212
354,1,GPU-MPI,0.092536,640,8,0.05276662596178785
355,1,GPU-MPI,0.09258,640,8,0.05274154785050767
356,1,GPU-MPI,0.092516,640,8,0.05277803298888841
357,1,GPU-MPI,0.092533,640,8,0.052768336701501085
358,1,GPU-MPI,0.092558,640,8,0.05275408392575466
359,1,GPU-MPI,0.09254,640,8,0.05276434514804409
360,1,GPU-MPI,0.092531,640,8,0.05276947725627087
361,1,GPU-MPI,0.092528,640,8,0.05277118818087498
362,1,GPU-MPI,0.092518,640,8,0.052776892064246954
363,1,GPU-MPI,0.092518,640,8,0.052776892064246954
364,1,GPU-MPI,0.092517,640,8,0.052777462520401656
365,1,GPU-MPI,0.09252,640,8,0.05277575118893212
366,1,GPU-MPI,0.092502,640,8,0.05278602084279259
367,1,GPU-MPI,0.092508,640,8,0.05278259718078436
368,1,GPU-MPI,0.092523,640,8,0.05277403996844028
369,1,GPU-MPI,0.092515,640,8,0.05277860346970761
370,1,GPU-MPI,0.092484,640,8,0.05279629449418278
371,1,GPU-MPI,0.092522,640,8,0.05277461036294071
372,1,GPU-MPI,0.092521,640,8,0.05277518076977118
373,1,GPU-MPI,0.09252,640,8,0.05277575118893212
374,1,GPU-MPI,0.092529,640,8,0.05277061786034649
375,1,GPU-MPI,0.092515,640,8,0.05277860346970761
376,1,GPU-MPI,0.092519,640,8,0.05277632162042391
377,1,GPU-MPI,0.092522,640,8,0.05277461036294071
378,1,GPU-MPI,0.092531,640,8,0.05276947725627087
379,1,GPU-MPI,0.092559,640,8,0.05275351397487008
380,1,GPU-MPI,0.092525,640,8,0.05277289921642799
381,1,GPU-MPI,0.092534,640,8,0.05276776644260488
382,1,GPU-MPI,0.092525,640,8,0.05277289921642799
383,1,GPU-MPI,0.092541,640,8,0.0527637749754163
384,1,GPU-MPI,0.092525,640,8,0.05277289921642799
385,1,GPU-MPI,0.092532,640,8,0.05276890697272295
386,1,GPU-MPI,0.092528,640,8,0.05277118818087498
387,1,GPU-MPI,0.092539,640,8,0.05276491533299474
388,1,GPU-MPI,0.092527,640,8,0.05277175851373113
389,1,GPU-MPI,0.092526,640,8,0.052772328858915335
390,1,GPU-MPI,0.09252,640,8,0.05277575118893212
391,1,GPU-MPI,0.092519,640,8,0.05277632162042391
392,1,GPU-MPI,0.092525,640,8,0.05277289921642799
393,1,GPU-MPI,0.092517,640,8,0.052777462520401656
394,1,GPU-MPI,0.092517,640,8,0.052777462520401656
395,1,GPU-MPI,0.092524,640,8,0.05277346958626951
396,1,GPU-MPI,0.092521,640,8,0.05277518076977118
397,1,GPU-MPI,0.092538,640,8,0.05276548553026865
398,1,GPU-MPI,0.092519,640,8,0.05277632162042391
399,1,GPU-MPI,0.092515,640,8,0.05277860346970761
400,1,GPU-MPI,0.092519,640,8,0.05277632162042391
401,1,GPU-MPI,0.092519,640,8,0.05277632162042391
402,1,GPU-MPI,0.092522,640,8,0.05277461036294071
403,1,GPU-MPI,0.092513,640,8,0.05277974446834499
404,1,GPU-MPI,0.092526,640,8,0.052772328858915335
405,1,GPU-MPI,0.092519,640,8,0.05277632162042391
406,1,GPU-MPI,0.092534,640,8,0.05276776644260488
407,1,GPU-MPI,0.092522,640,8,0.05277461036294071
408,1,GPU-MPI,0.09252,640,8,0.05277575118893212
409,1,GPU-MPI,0.092537,640,8,0.052766055739866216
410,1,GPU-MPI,0.09252,640,8,0.05277575118893212
411,1,GPU-MPI,0.092499,640,8,0.05278773284035503
412,1,GPU-MPI,0.092519,640,8,0.05277632162042391
413,1,GPU-MPI,0.092525,640,8,0.05277289921642799
414,1,GPU-MPI,0.092517,640,8,0.052777462520401656
415,1,GPU-MPI,0.09251,640,8,0.05278145605880446
416,1,GPU-MPI,0.092516,640,8,0.05277803298888841
417,1,GPU-MPI,0.092514,640,8,0.05277917396285967
418,1,GPU-MPI,0.092515,640,8,0.05277860346970761
419,1,GPU-MPI,0.092518,640,8,0.052776892064246954
420,1,GPU-MPI,0.092516,640,8,0.05277803298888841
421,1,GPU-MPI,0.092525,640,8,0.05277289921642799
422,1,GPU-MPI,0.092527,640,8,0.05277175851373113
423,1,GPU-MPI,0.092532,640,8,0.05276890697272295
424,1,GPU-MPI,0.092539,640,8,0.05276491533299474
425,1,GPU-MPI,0.092533,640,8,0.052768336701501085
426,1,GPU-MPI,0.09253,640,8,0.05277004755214525
427,1,GPU-MPI,0.092521,640,8,0.05277518076977118
428,1,GPU-MPI,0.092528,640,8,0.05277118818087498
429,1,GPU-MPI,0.092537,640,8,0.052766055739866216
430,1,GPU-MPI,0.092525,640,8,0.05277289921642799
431,1,GPU-MPI,0.092526,640,8,0.052772328858915335
432,1,GPU-MPI,0.09252,640,8,0.05277575118893212
433,1,GPU-MPI,0.092583,640,8,0.052739838847304585
434,1,GPU-MPI,0.092569,640,8,0.052747815143298515
435,1,GPU-MPI,0.092542,640,8,0.05276320481511098
436,1,GPU-MPI,0.092535,640,8,0.05276719619603393
437,1,GPU-MPI,0.092557,640,8,0.052754653888954915
438,1,GPU-MPI,0.092524,640,8,0.05277346958626951
439,1,GPU-MPI,0.09252,640,8,0.05277575118893212
440,1,GPU-MPI,0.092515,640,8,0.05277860346970761
441,1,GPU-MPI,0.092515,640,8,0.05277860346970761
442,1,GPU-MPI,0.092524,640,8,0.05277346958626951
443,1,GPU-MPI,0.09252,640,8,0.05277575118893212
444,1,GPU-MPI,0.092519,640,8,0.05277632162042391
445,1,GPU-MPI,0.092512,640,8,0.05278031498616396
446,1,GPU-MPI,0.092543,640,8,0.05276263466712772
447,1,GPU-MPI,0.092524,640,8,0.05277346958626951
448,1,GPU-MPI,0.092525,640,8,0.05277289921642799
449,1,GPU-MPI,0.092559,640,8,0.05275351397487008
450,1,GPU-MPI,0.092503,640,8,0.05278545020161508
451,1,GPU-MPI,0.092518,640,8,0.052776892064246954
452,1,GPU-MPI,0.092519,640,8,0.05277632162042391
453,1,GPU-MPI,0.092517,640,8,0.052777462520401656
454,1,GPU-MPI,0.092501,640,8,0.05278659149630815
455,1,GPU-MPI,0.092524,640,8,0.05277346958626951
456,1,GPU-MPI,0.092523,640,8,0.05277403996844028
457,1,GPU-MPI,0.092522,640,8,0.05277461036294071
458,1,GPU-MPI,0.092522,640,8,0.05277461036294071
459,1,GPU-MPI,0.092528,640,8,0.05277118818087498
460,1,GPU-MPI,0.09252,640,8,0.05277575118893212
461,1,GPU-MPI,0.09254,640,8,0.05276434514804409
462,1,GPU-MPI,0.092541,640,8,0.0527637749754163
463,1,GPU-MPI,0.092519,640,8,0.05277632162042391
464,1,GPU-MPI,0.092516,640,8,0.05277803298888841
465,1,GPU-MPI,0.092523,640,8,0.05277403996844028
466,1,GPU-MPI,0.092513,640,8,0.05277974446834499
467,1,GPU-MPI,0.092517,640,8,0.052777462520401656
468,1,GPU-MPI,0.092529,640,8,0.05277061786034649
469,1,GPU-MPI,0.092557,640,8,0.052754653888954915
470,1,GPU-MPI,0.092533,640,8,0.052768336701501085
471,1,GPU-MPI,0.092525,640,8,0.05277289921642799
472,1,GPU-MPI,0.092524,640,8,0.05277346958626951
473,1,GPU-MPI,0.092533,640,8,0.052768336701501085
474,1,GPU-MPI,0.092522,640,8,0.05277461036294071
475,1,GPU-MPI,0.092525,640,8,0.05277289921642799
476,1,GPU-MPI,0.092531,640,8,0.05276947725627087
477,1,GPU-MPI,0.09253,640,8,0.05277004755214525
478,1,GPU-MPI,0.092524,640,8,0.05277346958626951
479,1,GPU-MPI,0.092532,640,8,0.05276890697272295
480,1,GPU-MPI,0.092521,640,8,0.05277518076977118
481,1,GPU-MPI,0.092525,640,8,0.05277289921642799
482,1,GPU-MPI,0.092526,640,8,0.052772328858915335
483,1,GPU-MPI,0.092506,640,8,0.05278373835210689
484,1,GPU-MPI,0.092515,640,8,0.05277860346970761
485,1,GPU-MPI,0.092522,640,8,0.05277461036294071
486,1,GPU-MPI,0.092518,640,8,0.052776892064246954
487,1,GPU-MPI,0.092523,640,8,0.05277403996844028
488,1,GPU-MPI,0.092531,640,8,0.05276947725627087
489,1,GPU-MPI,0.092545,640,8,0.052761494408125775
490,1,GPU-MPI,0.092526,640,8,0.052772328858915335
491,1,GPU-MPI,0.092526,640,8,0.052772328858915335
492,1,GPU-MPI,0.092519,640,8,0.05277632162042391
493,1,GPU-MPI,0.09252,640,8,0.05277575118893212
494,1,GPU-MPI,0.092529,640,8,0.05277061786034649
495,1,GPU-MPI,0.092526,640,8,0.052772328858915335
496,1,GPU-MPI,0.092527,640,8,0.05277175851373113
497,1,GPU-MPI,0.092521,640,8,0.05277518076977118
498,1,GPU-MPI,0.092508,640,8,0.05278259718078436
499,1,GPU-MPI,0.092517,640,8,0.052777462520401656
500,1,GPU-MPI,0.092517,640,8,0.052777462520401656
501,1,GPU-MPI,0.092537,640,8,0.052766055739866216
502,1,GPU-MPI,0.09252,640,8,0.05277575118893212
503,1,GPU-MPI,0.09252,640,8,0.05277575118893212
504,1,GPU-MPI,0.092533,640,8,0.052768336701501085
505,1,GPU-MPI,0.092518,640,8,0.052776892064246954
506,1,GPU-MPI,0.092511,640,8,0.05278088551631698
507,1,GPU-MPI,0.092516,640,8,0.05277803298888841
508,1,GPU-MPI,0.092524,640,8,0.05277346958626951
509,1,GPU-MPI,0.092523,640,8,0.05277403996844028
510,1,GPU-MPI,0.092522,640,8,0.05277461036294071
511,1,GPU-MPI,0.09252,640,8,0.05277575118893212
512,1,GPU-MPI,0.092528,640,8,0.05277118818087498
513,1,GPU-MPI,0.092517,640,8,0.052777462520401656
514,1,GPU-MPI,0.092514,640,8,0.05277917396285967
515,1,GPU-MPI,0.092528,640,8,0.05277118818087498
516,1,GPU-MPI,0.09253,640,8,0.05277004755214525
517,1,GPU-MPI,0.09252,640,8,0.05277575118893212
518,1,GPU-MPI,0.092528,640,8,0.05277118818087498
519,1,GPU-MPI,0.092524,640,8,0.05277346958626951
520,1,GPU-MPI,0.092525,640,8,0.05277289921642799
521,1,GPU-MPI,0.09253,640,8,0.05277004755214525
522,1,GPU-MPI,0.092537,640,8,0.052766055739866216
523,1,GPU-MPI,0.092522,640,8,0.05277461036294071
524,1,GPU-MPI,0.092536,640,8,0.05276662596178785
525,1,GPU-MPI,0.092534,640,8,0.05276776644260488
526,1,GPU-MPI,0.092541,640,8,0.0527637749754163
527,1,GPU-MPI,0.092538,640,8,0.05276548553026865
528,1,GPU-MPI,0.092522,640,8,0.05277461036294071
529,1,GPU-MPI,0.092537,640,8,0.052766055739866216
530,1,GPU-MPI,0.092515,640,8,0.05277860346970761
531,1,GPU-MPI,0.092522,640,8,0.05277461036294071
532,1,GPU-MPI,0.092529,640,8,0.05277061786034649
533,1,GPU-MPI,0.092525,640,8,0.05277289921642799
534,1,GPU-MPI,0.092531,640,8,0.05276947725627087
535,1,GPU-MPI,0.092529,640,8,0.05277061786034649
536,1,GPU-MPI,0.092518,640,8,0.052776892064246954
537,1,GPU-MPI,0.092527,640,8,0.05277175851373113
538,1,GPU-MPI,0.092528,640,8,0.05277118818087498
539,1,GPU-MPI,0.092528,640,8,0.05277118818087498
540,1,GPU-MPI,0.092539,640,8,0.05276491533299474
541,1,GPU-MPI,0.092535,640,8,0.05276719619603393
542,1,GPU-MPI,0.092519,640,8,0.05277632162042391
543,1,GPU-MPI,0.092545,640,8,0.052761494408125775
544,1,GPU-MPI,0.092553,640,8,0.05275693386492064
545,1,GPU-MPI,0.092532,640,8,0.05276890697272295
546,1,GPU-MPI,0.092519,640,8,0.05277632162042391
547,1,GPU-MPI,0.092524,640,8,0.05277346958626951
548,1,GPU-MPI,0.092523,640,8,0.05277403996844028
549,1,GPU-MPI,0.092524,640,8,0.05277346958626951
550,1,GPU-MPI,0.092528,640,8,0.05277118818087498
551,1,GPU-MPI,0.09253,640,8,0.05277004755214525
552,1,GPU-MPI,0.09253,640,8,0.05277004755214525
553,1,GPU-MPI,0.092531,640,8,0.05276947725627087
554,1,GPU-MPI,0.092529,640,8,0.05277061786034649
555,1,GPU-MPI,0.092529,640,8,0.05277061786034649
556,1,GPU-MPI,0.092531,640,8,0.05276947725627087
557,1,GPU-MPI,0.09252,640,8,0.05277575118893212
558,1,GPU-MPI,0.092513,640,8,0.05277974446834499
559,1,GPU-MPI,0.092528,640,8,0.05277118818087498
560,1,GPU-MPI,0.092521,640,8,0.05277518076977118
561,1,GPU-MPI,0.092518,640,8,0.052776892064246954
562,1,GPU-MPI,0.092524,640,8,0.05277346958626951
563,1,GPU-MPI,0.092564,640,8,0.05275066440516832
564,1,GPU-MPI,0.092529,640,8,0.05277061786034649
565,1,GPU-MPI,0.092518,640,8,0.052776892064246954
566,1,GPU-MPI,0.092511,640,8,0.05278088551631698
567,1,GPU-MPI,0.092515,640,8,0.05277860346970761
568,1,GPU-MPI,0.092521,640,8,0.05277518076977118
569,1,GPU-MPI,0.092523,640,8,0.05277403996844028
570,1,GPU-MPI,0.09252,640,8,0.05277575118893212
571,1,GPU-MPI,0.092554,640,8,0.052756363852453705
572,1,GPU-MPI,0.092512,640,8,0.05278031498616396
573,1,GPU-MPI,0.092519,640,8,0.05277632162042391
574,1,GPU-MPI,0.092525,640,8,0.05277289921642799
575,1,GPU-MPI,0.092526,640,8,0.052772328858915335
576,1,GPU-MPI,0.092531,640,8,0.05276947725627087
577,1,GPU-MPI,0.092529,640,8,0.05277061786034649
578,1,GPU-MPI,0.092543,640,8,0.05276263466712772
579,1,GPU-MPI,0.092531,640,8,0.05276947725627087
580,1,GPU-MPI,0.092531,640,8,0.05276947725627087
581,1,GPU-MPI,0.092524,640,8,0.05277346958626951
582,1,GPU-MPI,0.092527,640,8,0.05277175851373113
583,1,GPU-MPI,0.092515,640,8,0.05277860346970761
584,1,GPU-MPI,0.092517,640,8,0.052777462520401656
585,1,GPU-MPI,0.092519,640,8,0.05277632162042391
586,1,GPU-MPI,0.092526,640,8,0.052772328858915335
587,1,GPU-MPI,0.09253,640,8,0.05277004755214525
588,1,GPU-MPI,0.092521,640,8,0.05277518076977118
589,1,GPU-MPI,0.092522,640,8,0.05277461036294071
590,1,GPU-MPI,0.092526,640,8,0.052772328858915335
591,1,GPU-MPI,0.092521,640,8,0.05277518076977118
592,1,GPU-MPI,0.09252,640,8,0.05277575118893212
593,1,GPU-MPI,0.092513,640,8,0.05277974446834499
594,1,GPU-MPI,0.092518,640,8,0.052776892064246954
595,1,GPU-MPI,0.092531,640,8,0.05276947725627087
596,1,GPU-MPI,0.092526,640,8,0.052772328858915335
597,1,GPU-MPI,0.092528,640,8,0.05277118818087498
598,1,GPU-MPI,0.092554,640,8,0.052756363852453705
599,1,GPU-MPI,0.092569,640,8,0.052747815143298515
600,5,GPU-MPI,0.103635,640,8,0.23557738698316205
601,5,GPU-MPI,0.12205360000000001,640,8,0.2000273855093172
602,5,GPU-MPI,0.09751119999999999,640,8,0.25037188035835883
603,5,GPU-MPI,0.10335259999999999,640,8,0.23622107716690247
604,5,GPU-MPI,0.1220218,640,8,0.20007951448019945
605,5,GPU-MPI,0.09723,640,8,0.25109598374987147
606,5,GPU-MPI,0.11506720000000001,640,8,0.21217221328058733
607,5,GPU-MPI,0.1220054,640,8,0.20010640922450973
608,5,GPU-MPI,0.09769140000000001,640,8,0.2499100483768274
609,5,GPU-MPI,0.11032,640,8,0.22130223440899202
610,5,GPU-MPI,0.12203519999999998,640,8,0.20005754487229918
611,5,GPU-MPI,0.0975482,640,8,0.25027691438693894
612,5,GPU-MPI,0.1136518,640,8,0.21481456958886705
613,5,GPU-MPI,0.1220038,640,8,0.20010903348912085
614,5,GPU-MPI,0.09759200000000001,640,8,0.250164588285925
615,5,GPU-MPI,0.11507579999999999,640,8,0.21215635694038193
616,5,GPU-MPI,0.12204980000000001,640,8,0.2000336133283299
617,5,GPU-MPI,0.0974624,640,8,0.250497243039367
618,5,GPU-MPI,0.11489280000000002,640,8,0.21249427727411985
619,5,GPU-MPI,0.1220516,640,8,0.20003066326045707
620,5,GPU-MPI,0.09759480000000001,640,8,0.25015741105058875
621,5,GPU-MPI,0.1087984,640,8,0.22439725676112884
622,5,GPU-MPI,0.122076,640,8,0.19999068203414266
623,5,GPU-MPI,0.09763680000000001,640,8,0.25004980191894854
624,5,GPU-MPI,0.11314759999999999,640,8,0.21577181044935997
625,5,GPU-MPI,0.12209859999999999,640,8,0.19995366449738164
626,5,GPU-MPI,0.0976704,640,8,0.2499637812479523
627,5,GPU-MPI,0.10982640000000002,640,8,0.22229684757034734
628,5,GPU-MPI,0.12209080000000001,640,8,0.1999664389126781
629,5,GPU-MPI,0.0975906,640,8,0.25016817705803635
630,5,GPU-MPI,0.11147579999999999,640,8,0.21900773531116174
631,5,GPU-MPI,0.1220848,640,8,0.19997626649673014
632,5,GPU-MPI,0.09752720000000001,640,8,0.2503308051497428
633,5,GPU-MPI,0.11499299999999998,640,8,0.21230911881592796
634,5,GPU-MPI,0.12200040000000001,640,8,0.20011461027996627
635,5,GPU-MPI,0.0976212,640,8,0.25008976021601864
636,5,GPU-MPI,0.114532,640,8,0.21316367914643944
637,5,GPU-MPI,0.12205160000000001,640,8,0.20003066326045704
638,5,GPU-MPI,0.09836220000000001,640,8,0.24820573858657083
639,5,GPU-MPI,0.1202412,640,8,0.20304240559808118
640,5,GPU-MPI,0.1220288,640,8,0.20006803721744373
641,5,GPU-MPI,0.09758060000000002,640,8,0.2501938141392858
642,5,GPU-MPI,0.1122252,640,8,0.2175452794915937
643,5,GPU-MPI,0.12209779999999999,640,8,0.19995497461870732
644,5,GPU-MPI,0.0976812,640,8,0.24993614431436142
645,5,GPU-MPI,0.12017039999999998,640,8,0.20316203074966882
646,5,GPU-MPI,0.1219962,640,8,0.2001214996860558
647,5,GPU-MPI,0.09845899999999999,640,8,0.2479617150285906
648,5,GPU-MPI,0.1147996,640,8,0.2126667906508385
649,5,GPU-MPI,0.1219884,640,8,0.2001342955559709
650,5,GPU-MPI,0.0976728,640,8,0.24995763917897304
651,5,GPU-MPI,0.11464339999999999,640,8,0.21295654612476603
652,5,GPU-MPI,0.12199200000000002,640,8,0.20012838956652892
653,5,GPU-MPI,0.0975716,640,8,0.2502168920054606
654,5,GPU-MPI,0.1149618,640,8,0.21236673834264946
655,5,GPU-MPI,0.12146140000000001,640,8,0.2010026436382258
656,5,GPU-MPI,0.09750160000000001,640,8,0.2503965319543474
657,5,GPU-MPI,0.114824,640,8,0.2126215991430363
658,5,GPU-MPI,0.12194039999999999,640,8,0.20021307540404987
659,5,GPU-MPI,0.0974652,640,8,0.25049004670384917
660,5,GPU-MPI,0.11541939999999999,640,8,0.21152477399813205
661,5,GPU-MPI,0.12203080000000002,640,8,0.20006475824136197
662,5,GPU-MPI,0.0974418,640,8,0.2505502002220813
663,5,GPU-MPI,0.1204626,640,8,0.2026692309480287
664,5,GPU-MPI,0.12205759999999999,640,8,0.20002083032928716
665,5,GPU-MPI,0.09744620000000001,640,8,0.2505388870987273
666,5,GPU-MPI,0.11462239999999999,640,8,0.21299556194949681
667,5,GPU-MPI,0.1220208,640,8,0.20008115419666156
668,5,GPU-MPI,0.0975114,640,8,0.25037136683505723
669,5,GPU-MPI,0.11485340000000002,640,8,0.21256717258696733
670,5,GPU-MPI,0.1219562,640,8,0.20018713685733075
671,5,GPU-MPI,0.0975124,640,8,0.25036879925014666
672,5,GPU-MPI,0.1149204,640,8,0.21244324332320458
673,5,GPU-MPI,0.12199419999999998,640,8,0.20012478052235272
674,5,GPU-MPI,0.097522,640,8,0.25034415311416913
675,5,GPU-MPI,0.120258,640,8,0.20301404064594455
676,5,GPU-MPI,0.12202059999999999,640,8,0.2000814821431791
677,5,GPU-MPI,0.09745000000000001,640,8,0.25052911749615187
678,5,GPU-MPI,0.1208866,640,8,0.20195838496574475
679,5,GPU-MPI,0.12188399999999999,640,8,0.20030572101342262
680,5,GPU-MPI,0.09752720000000001,640,8,0.2503308051497428
681,5,GPU-MPI,0.1145882,640,8,0.21305913261574927
682,5,GPU-MPI,0.12197179999999999,640,8,0.2001615332396505
683,5,GPU-MPI,0.0984292,640,8,0.24803678684780534
684,5,GPU-MPI,0.12023360000000001,640,8,0.20305523996619912
685,5,GPU-MPI,0.1219662,640,8,0.2001707235283218
686,5,GPU-MPI,0.0975114,640,8,0.25037136683505723
687,5,GPU-MPI,0.12017720000000001,640,8,0.2031505352096737
688,5,GPU-MPI,0.12205479999999999,640,8,0.20002541891019446
689,5,GPU-MPI,0.09752380000000001,640,8,0.2503395325038606
690,5,GPU-MPI,0.1148306,640,8,0.21260937851060605
691,5,GPU-MPI,0.121959,640,8,0.20018254085389353
692,5,GPU-MPI,0.09750339999999999,640,8,0.2503919094103385
693,5,GPU-MPI,0.1031992,640,8,0.23657220695509265
694,5,GPU-MPI,0.12220299999999999,640,8,0.19978284084678774
695,5,GPU-MPI,0.09841259999999999,640,8,0.24807862509475415
696,5,GPU-MPI,0.11480660000000001,640,8,0.2126538239090784
697,5,GPU-MPI,0.1220608,640,8,0.2000155864945994
698,5,GPU-MPI,0.09839,640,8,0.24813560829352574
699,5,GPU-MPI,0.120534,640,8,0.20254917699570246
700,5,GPU-MPI,0.1219872,640,8,0.20013626429658193
701,5,GPU-MPI,0.09746620000000002,640,8,0.25048747668422483
702,5,GPU-MPI,0.11460980000000001,640,8,0.21301897830726516
703,5,GPU-MPI,0.1220372,640,8,0.20005426624013006
704,5,GPU-MPI,0.0975198,640,8,0.25034980075841007
705,5,GPU-MPI,0.11483259999999999,640,8,0.21260567556599783
706,5,GPU-MPI,0.122,640,8,0.20011526639344263
707,5,GPU-MPI,0.0975192,640,8,0.25035134106924584
708,5,GPU-MPI,0.10313780000000002,640,8,0.23671304313258568
709,5,GPU-MPI,0.1219624,640,8,0.20017696027628187
710,5,GPU-MPI,0.09749699999999999,640,8,0.2504083458978225
711,5,GPU-MPI,0.1043414,640,8,0.23398250838114112
712,5,GPU-MPI,0.1219576,640,8,0.20018483882923246
713,5,GPU-MPI,0.0975314,640,8,0.25032002514062135
714,5,GPU-MPI,0.11496759999999999,640,8,0.21235602465390252
715,5,GPU-MPI,0.12201600000000001,640,8,0.20008902520980854
716,5,GPU-MPI,0.09746859999999999,640,8,0.2504813088522868
717,5,GPU-MPI,0.1148544,640,8,0.21256532183355623
718,5,GPU-MPI,0.1220024,640,8,0.20011132977711915
719,5,GPU-MPI,0.09743639999999999,640,8,0.25056408590629375
720,8,GPU-MPI,0.126554,640,8,0.3086627052483525
721,8,GPU-MPI,0.12028,640,8,0.3247630528766212
722,8,GPU-MPI,0.1269305,640,8,0.3077471529695384
723,8,GPU-MPI,0.133642125,640,8,0.2922918204121642
724,8,GPU-MPI,0.098082,640,8,0.39826369772231396
725,8,GPU-MPI,0.13278212500000003,640,8,0.2941849288825585
726,8,GPU-MPI,0.13222899999999999,640,8,0.2954155291199359
727,8,GPU-MPI,0.098011,640,8,0.39855220332411667
728,8,GPU-MPI,0.1351365,640,8,0.289059580498237
729,8,GPU-MPI,0.13302999999999998,640,8,0.29363677366007673
730,8,GPU-MPI,0.099525,640,8,0.3924893242903793
731,8,GPU-MPI,0.147820125,640,8,0.2642569812466334
732,8,GPU-MPI,0.132218875,640,8,0.2954381513229484
733,8,GPU-MPI,0.0973995,640,8,0.4010544201972289
734,8,GPU-MPI,0.135666125,640,8,0.28793112503213314
735,8,GPU-MPI,0.1326685,640,8,0.2944368859224307
736,8,GPU-MPI,0.098144875,640,8,0.3980085562287384
737,8,GPU-MPI,0.145630625,640,8,0.2682299825328635
738,8,GPU-MPI,0.1309035,640,8,0.29840684168108567
739,8,GPU-MPI,0.0973925,640,8,0.4010832456297969
740,8,GPU-MPI,0.147195,640,8,0.26537925880634533
741,8,GPU-MPI,0.130021625,640,8,0.3004307937237363
742,8,GPU-MPI,0.098711625,640,8,0.39572340137243206
743,8,GPU-MPI,0.14746375,640,8,0.2648956099380356
744,8,GPU-MPI,0.13123162500000002,640,8,0.2976607201198644
745,8,GPU-MPI,0.0981275,640,8,0.3980790298336348
746,8,GPU-MPI,0.1309465,640,8,0.2983088513247777
747,8,GPU-MPI,0.0992535,640,8,0.39356294740235864
748,8,GPU-MPI,0.139958625,640,8,0.27910034126156924
749,8,GPU-MPI,0.1314455,640,8,0.29717639630112863
750,8,GPU-MPI,0.09956537499999998,640,8,0.3923301649795424
751,8,GPU-MPI,0.135756125,640,8,0.2877402400812486
752,8,GPU-MPI,0.13055250000000002,640,8,0.29920913042645675
753,8,GPU-MPI,0.09937399999999999,640,8,0.3930857165858273
754,8,GPU-MPI,0.1354465,640,8,0.28839800216321576
755,8,GPU-MPI,0.13024124999999998,640,8,0.2999241791675065
756,8,GPU-MPI,0.0992725,640,8,0.3934876224533481
757,8,GPU-MPI,0.13581512499999998,640,8,0.2876152416750344
758,8,GPU-MPI,0.130601,640,8,0.29909801609482317
759,8,GPU-MPI,0.09799512499999999,640,8,0.3986167679259556
760,8,GPU-MPI,0.1157895,640,8,0.3373578778732096
761,8,GPU-MPI,0.13338,640,8,0.2928662468136152
762,8,GPU-MPI,0.099524375,640,8,0.3924917890717726
763,8,GPU-MPI,0.137792,640,8,0.2834888817928472
764,8,GPU-MPI,0.13117,640,8,0.29780056415338874
765,8,GPU-MPI,0.099289375,640,8,0.39342074617752404
766,8,GPU-MPI,0.1360765,640,8,0.2870627918854468
767,8,GPU-MPI,0.131713125,640,8,0.29657257012161853
768,8,GPU-MPI,0.0982615,640,8,0.3975361662502608
769,8,GPU-MPI,0.12892399999999998,640,8,0.30298858242065096
770,8,GPU-MPI,0.1309265,640,8,0.2983544202281433
771,8,GPU-MPI,0.09937912500000001,640,8,0.3930654450821538
772,8,GPU-MPI,0.137583,640,8,0.2839195249413081
773,8,GPU-MPI,0.130949125,640,8,0.29830287143957623
774,8,GPU-MPI,0.098229,640,8,0.3976676948762585
775,8,GPU-MPI,0.1309765,640,8,0.29824052406347706
776,8,GPU-MPI,0.130919125,640,8,0.2983712272748539
777,8,GPU-MPI,0.0994305,640,8,0.39286235108945444
778,8,GPU-MPI,0.14654662499999999,640,8,0.2665533921371441
779,8,GPU-MPI,0.132167,640,8,0.29555410957349415
780,8,GPU-MPI,0.09843425,640,8,0.39683849879488087
781,8,GPU-MPI,0.136402125,640,8,0.2863775032830317
782,8,GPU-MPI,0.13135912500000002,640,8,0.2973718042046945
783,8,GPU-MPI,0.09942000000000001,640,8,0.39290384228525443
784,8,GPU-MPI,0.138699625,640,8,0.28163378235521547
785,8,GPU-MPI,0.134414625,640,8,0.29061197767728025
786,8,GPU-MPI,0.099416,640,8,0.39291965076044094
787,8,GPU-MPI,0.1331785,640,8,0.2933093554890617
788,8,GPU-MPI,0.132502,640,8,0.29480687083968543
789,8,GPU-MPI,0.099300375,640,8,0.39337716499056524
790,8,GPU-MPI,0.14693299999999998,640,8,0.2658524633676574
791,8,GPU-MPI,0.130648,640,8,0.2989904169983467
792,8,GPU-MPI,0.098114375,640,8,0.39813228183943483
793,8,GPU-MPI,0.13285324999999998,640,8,0.29402743252423263
794,8,GPU-MPI,0.133574625,640,8,0.2924395258455713
795,10,GPU-MPI,0.2194845,640,8,0.22246730406930787
796,10,GPU-MPI,0.10121740000000001,640,8,0.48240841001645957
797,10,GPU-MPI,0.19522460000000003,640,8,0.2501125626585993
798,10,GPU-MPI,0.19488659999999997,640,8,0.25054634336070314
799,10,GPU-MPI,0.10058539999999998,640,8,0.4854394872416873
800,10,GPU-MPI,0.191187,640,8,0.25539458749810395
801,10,GPU-MPI,0.15848810000000002,640,8,0.30808701094908697
802,10,GPU-MPI,0.13408150000000002,640,8,0.3641675026010299
803,10,GPU-MPI,0.23804650000000005,640,8,0.2051201130871489
804,10,GPU-MPI,0.1091519,640,8,0.4473410449108078
805,10,GPU-MPI,0.18039100000000002,640,8,0.27067938533518854
806,10,GPU-MPI,0.19897749999999997,640,8,0.24539520800090467
807,10,GPU-MPI,0.13402250000000002,640,8,0.364327818090246
808,10,GPU-MPI,0.1547825,640,8,0.3154628268699627
809,10,GPU-MPI,0.1890211,640,8,0.25832102871055135
810,10,GPU-MPI,0.1038605,640,8,0.47013181142012606
811,10,GPU-MPI,0.19271249999999998,640,8,0.25337290004540447
812,10,GPU-MPI,0.12585699999999997,640,8,0.38796511119762916
813,10,GPU-MPI,0.1642859,640,8,0.29721433793161794
814,10,GPU-MPI,0.22561310000000004,640,8,0.2164241571078984
815,10,GPU-MPI,0.1273555,640,8,0.3834002065085528
816,10,GPU-MPI,0.16228199999999998,640,8,0.30088441724898635
817,10,GPU-MPI,0.1903941,640,8,0.2564581833155544
818,10,GPU-MPI,0.1252525,640,8,0.38983752819305006
819,10,GPU-MPI,0.16735090000000002,640,8,0.2917709136909332
820,10,GPU-MPI,0.18554589999999999,640,8,0.2631592775695933
821,10,GPU-MPI,0.1005575,640,8,0.4855741739800612
822,10,GPU-MPI,0.23929,640,8,0.20405418111914414
823,10,GPU-MPI,0.10456860000000001,640,8,0.46694825215217567
824,10,GPU-MPI,0.1872439,640,8,0.26077284760678454
825,10,GPU-MPI,0.15531450000000002,640,8,0.3143822695240946
826,10,GPU-MPI,0.1370555,640,8,0.3562653450609425
827,10,GPU-MPI,0.20459360000000001,640,8,0.23865910272853108
828,10,GPU-MPI,0.1006645,640,8,0.48505803932866104
829,10,GPU-MPI,0.19074439999999998,640,8,0.25598720067273273
830,10,GPU-MPI,0.16059260000000003,640,8,0.30404965733165784
831,10,GPU-MPI,0.13209050000000003,640,8,0.3696565990741196
832,10,GPU-MPI,0.24116909999999997,640,8,0.20246426677381144
833,10,GPU-MPI,0.10063700000000002,640,8,0.4851905859673877
834,10,GPU-MPI,0.19465300000000002,640,8,0.2508470200818893
835,10,GPU-MPI,0.1547636,640,8,0.3155013517390394
836,10,GPU-MPI,0.13819850000000003,640,8,0.3533187769765952
837,10,GPU-MPI,0.24043559999999994,640,8,0.2030819271355823
838,10,GPU-MPI,0.1134415,640,8,0.4304255938082624
839,10,GPU-MPI,0.17858190000000002,640,8,0.2734214665652006
840,10,GPU-MPI,0.1204965,640,8,0.40522442560572297
841,10,GPU-MPI,0.16932989999999998,640,8,0.2883609155854932
842,10,GPU-MPI,0.1851141,640,8,0.263773126952512
843,10,GPU-MPI,0.10965049999999998,640,8,0.4453069069452488
844,10,GPU-MPI,0.21731250000000002,640,8,0.22469082542421626
845,10,GPU-MPI,0.109872,640,8,0.4444091761322266
846,10,GPU-MPI,0.180826,640,8,0.27002823155962086
847,10,GPU-MPI,0.15456799999999998,640,8,0.3159006068526474
848,10,GPU-MPI,0.1350165,640,8,0.36164561368425335
849,10,GPU-MPI,0.18887009999999999,640,8,0.2585275541231778
850,10,GPU-MPI,0.10210699999999999,640,8,0.4782054609380356
851,10,GPU-MPI,0.192295,640,8,0.25392300891858866
852,10,GPU-MPI,0.1558166,640,8,0.31336921098265524
853,10,GPU-MPI,0.13534549999999998,640,8,0.3607665197586917
854,10,GPU-MPI,0.24049599999999996,640,8,0.2030309235912448
855,15,GPU-MPI,0.2838483333333333,640,8,0.25803282562871016
856,15,GPU-MPI,0.17041800000000007,640,8,0.42977964475583547
857,15,GPU-MPI,0.12220873333333332,640,8,0.5993204045428288
858,15,GPU-MPI,0.25658346666666676,640,8,0.2854517029156463
859,15,GPU-MPI,0.126474,640,8,0.5791086507898856
860,15,GPU-MPI,0.1661988,640,8,0.4406902306153835
861,15,GPU-MPI,0.27852726666666666,640,8,0.26296236047745414
862,15,GPU-MPI,0.13173239999999994,640,8,0.5559922046512478
863,15,GPU-MPI,0.15813919999999995,640,8,0.46315010762669867
864,15,GPU-MPI,0.2808472666666667,640,8,0.260790102639418
865,15,GPU-MPI,0.18283066666666672,640,8,0.40060121660844633
866,15,GPU-MPI,0.11152066666666668,640,8,0.6567588742893693
867,15,GPU-MPI,0.28144093333333337,640,8,0.2602399964800192
868,15,GPU-MPI,0.18703000000000003,640,8,0.3916066272790461
869,15,GPU-MPI,0.12478553333333335,640,8,0.5869445403126323
870,15,GPU-MPI,0.1698929333333333,640,8,0.431107910511483
871,15,GPU-MPI,0.27945066666666674,640,8,0.2620934434461896
872,15,GPU-MPI,0.12705733333333327,640,8,0.5764499031933094
873,15,GPU-MPI,0.16108006666666663,640,8,0.45469429592157284
874,15,GPU-MPI,0.2787822,640,8,0.26272189365031196
875,15,GPU-MPI,0.1306134,640,8,0.5607555388650782
876,15,GPU-MPI,0.1558486666666667,640,8,0.46995710047781386
877,15,GPU-MPI,0.283003,640,8,0.25880357275364574
878,15,GPU-MPI,0.13394786666666667,640,8,0.5467962224606787
879,15,GPU-MPI,0.1572102666666667,640,8,0.4658867964093947
880,15,GPU-MPI,0.23785859999999995,640,8,0.3079232262360916
881,15,GPU-MPI,0.1010272,640,8,0.7249749324934275
882,15,GPU-MPI,0.19376786666666665,640,8,0.37798933724133144
883,15,GPU-MPI,0.1734096,640,8,0.42236524102471834
884,15,GPU-MPI,0.1175364666666667,640,8,0.6231443702294945
885,15,GPU-MPI,0.28122379999999997,640,8,0.26044092818602127
886,15,GPU-MPI,0.141982,640,8,0.5158554429434717
887,15,GPU-MPI,0.14925053333333332,640,8,0.4907331710260779
888,15,GPU-MPI,0.22334753333333332,640,8,0.32792924285709596
889,15,GPU-MPI,0.1008568666666667,640,8,0.726199315135046
890,15,GPU-MPI,0.19321386666666676,640,8,0.37907314192080055
891,15,GPU-MPI,0.23398346666666678,640,8,0.3130229180010438
892,15,GPU-MPI,0.12006413333333335,640,8,0.6100255377403854
893,15,GPU-MPI,0.1685961333333333,640,8,0.43442388655018593
894,15,GPU-MPI,0.27680379999999993,640,8,0.26459964603087105
895,20,GPU-MPI,0.10967299999999998,640,8,0.8904310997237244
896,20,GPU-MPI,0.22105655,640,8,0.44177044290250617
897,20,GPU-MPI,0.10022600000000001,640,8,0.9743604453934108
898,20,GPU-MPI,0.1887215,640,8,0.5174622393315017
899,20,GPU-MPI,0.09929200000000002,640,8,0.9835258631108245
900,20,GPU-MPI,0.188347,640,8,0.5184911360414555
901,20,GPU-MPI,0.098106,640,8,0.995415672843659
902,20,GPU-MPI,0.22068550000000003,640,8,0.4425132145066168
903,20,GPU-MPI,0.098669,640,8,0.98973588462435
904,20,GPU-MPI,0.27109400000000006,640,8,0.3602302153496572
905,20,GPU-MPI,0.121986,640,8,0.800552932303707
906,20,GPU-MPI,0.167453,640,8,0.5831860283183938
907,20,GPU-MPI,0.1047025,640,8,0.9327021799861512
908,20,GPU-MPI,0.17943844999999997,640,8,0.5442325766857662
909,20,GPU-MPI,0.14402055000000002,640,8,0.67807163630468
910,20,GPU-MPI,0.14202560000000003,640,8,0.6875961094337921
911,20,GPU-MPI,0.20606,640,8,0.47392143065126663
912,20,GPU-MPI,0.10021450000000001,640,8,0.9744722570087162
913,20,GPU-MPI,0.19072910000000004,640,8,0.5120154711577833
914,20,GPU-MPI,0.1461785,640,8,0.6680616506531398
915,20,GPU-MPI,0.1421769,640,8,0.6868643921762255
916,20,GPU-MPI,0.19839145000000002,640,8,0.49224021498910353
917,20,GPU-MPI,0.10918400000000002,640,8,0.8944190540738568
918,20,GPU-MPI,0.17772149999999998,640,8,0.54949035429028
919,20,GPU-MPI,0.14459954999999997,640,8,0.6753565277346992
920,20,GPU-MPI,0.14363499999999998,640,8,0.6798917394785394
921,20,GPU-MPI,0.20076955000000002,640,8,0.48640966720301954
922,20,GPU-MPI,0.10011595000000002,640,8,0.9754314871906022
923,20,GPU-MPI,0.19133449999999996,640,8,0.5103954069966473
924,20,GPU-MPI,0.11871399999999996,640,8,0.8226178041343063
925,25,GPU-MPI,0.10128988000000001,640,8,1.2051580325694924
926,25,GPU-MPI,0.18652992,640,8,0.6544275175800215
927,25,GPU-MPI,0.14430292,640,8,0.8459309936347789
928,25,GPU-MPI,0.14140568,640,8,0.8632631482695744
929,25,GPU-MPI,0.16111832,640,8,0.7576439010784124
930,25,GPU-MPI,0.12311108000000001,640,8,0.9915461102282588
931,25,GPU-MPI,0.25665384,640,8,0.4756223888954866
932,25,GPU-MPI,0.09929944,640,8,1.2293152156749323
933,25,GPU-MPI,0.19248336000000002,640,8,0.6341863135597798
934,25,GPU-MPI,0.1863914,640,8,0.6549138667341948
935,25,GPU-MPI,0.10105536000000001,640,8,1.2079548526668946
936,25,GPU-MPI,0.2872118,640,8,0.42501844457644145
937,25,GPU-MPI,0.15503308000000002,640,8,0.7873823605903978
938,25,GPU-MPI,0.13182660000000002,640,8,0.9259915108179987
939,25,GPU-MPI,0.23733056000000005,640,8,0.5143472147034076
940,25,GPU-MPI,0.10103316,640,8,1.2082202763924241
941,25,GPU-MPI,0.28459376000000003,640,8,0.4289282818428626
942,25,GPU-MPI,0.16663452,640,8,0.7325631717845738
943,25,GPU-MPI,0.12308896000000001,640,8,0.9917242984261139
944,25,GPU-MPI,0.28364556,640,8,0.43036214809778794
945,25,GPU-MPI,0.15667887999999996,640,8,0.7791114699058356
946,25,GPU-MPI,0.13350424,640,8,0.9143553230968545
947,25,GPU-MPI,0.2822022,640,8,0.43256329149808187
948,25,GPU-MPI,0.22909780000000002,640,8,0.5328305749771495
949,30,GPU-MPI,0.2680632666666666,640,8,0.5464544874854171
950,30,GPU-MPI,0.28670150000000005,640,8,0.5109299218873985
951,30,GPU-MPI,0.099498,640,8,1.47223436651993
952,30,GPU-MPI,0.19884849999999996,640,8,0.7366632134514469
953,30,GPU-MPI,0.2891755000000001,640,8,0.5065587333643409
954,30,GPU-MPI,0.1616425333333333,640,8,0.9062241971791254
955,30,GPU-MPI,0.12450649999999998,640,8,1.1765199005674405
956,30,GPU-MPI,0.29046749999999993,640,8,0.5043055591417286
957,1,OPEN-MPI,0.001166,640,8,4.187660806174957
958,1,OPEN-MPI,0.000336,640,8,14.53218005952381
959,1,OPEN-MPI,0.000327,640,8,14.932148318042815
960,1,OPEN-MPI,0.000324,640,8,15.070408950617283
961,1,OPEN-MPI,0.000323,640,8,15.117066563467493
962,1,OPEN-MPI,0.000326,640,8,14.97795245398773
963,1,OPEN-MPI,0.000265,640,8,18.42570754716981
964,1,OPEN-MPI,0.000262,640,8,18.63668893129771
965,1,OPEN-MPI,0.000263,640,8,18.565826996197718
966,1,OPEN-MPI,0.000265,640,8,18.42570754716981
967,1,OPEN-MPI,0.000263,640,8,18.565826996197718
968,1,OPEN-MPI,0.000262,640,8,18.63668893129771
969,1,OPEN-MPI,0.000263,640,8,18.565826996197718
970,1,OPEN-MPI,0.000261,640,8,18.7080938697318
971,1,OPEN-MPI,0.000262,640,8,18.63668893129771
972,1,OPEN-MPI,0.000262,640,8,18.63668893129771
973,1,OPEN-MPI,0.000262,640,8,18.63668893129771
974,1,OPEN-MPI,0.000261,640,8,18.7080938697318
975,1,OPEN-MPI,0.000263,640,8,18.565826996197718
976,1,OPEN-MPI,0.000261,640,8,18.7080938697318
977,1,OPEN-MPI,0.00025,640,8,19.53125
978,1,OPEN-MPI,0.000208,640,8,23.475060096153847
979,1,OPEN-MPI,0.000208,640,8,23.475060096153847
980,1,OPEN-MPI,0.000208,640,8,23.475060096153847
981,1,OPEN-MPI,0.000197,640,8,24.78585025380711
982,1,OPEN-MPI,0.000195,640,8,25.040064102564102
983,1,OPEN-MPI,0.000187,640,8,26.111296791443852
984,1,OPEN-MPI,0.000186,640,8,26.251680107526884
985,1,OPEN-MPI,0.000187,640,8,26.111296791443852
986,1,OPEN-MPI,0.000192,640,8,25.431315104166664
987,1,OPEN-MPI,0.000202,640,8,24.17233910891089
988,1,OPEN-MPI,0.000201,640,8,24.292599502487562
989,1,OPEN-MPI,0.000201,640,8,24.292599502487562
990,1,OPEN-MPI,0.0002,640,8,24.4140625
991,1,OPEN-MPI,0.000196,640,8,24.91230867346939
992,1,OPEN-MPI,0.000191,640,8,25.56446335078534
993,1,OPEN-MPI,0.000201,640,8,24.292599502487562
994,1,OPEN-MPI,0.000201,640,8,24.292599502487562
995,1,OPEN-MPI,0.000201,640,8,24.292599502487562
996,1,OPEN-MPI,0.000201,640,8,24.292599502487562
997,1,OPEN-MPI,0.000228,640,8,21.415844298245613
998,1,OPEN-MPI,0.000202,640,8,24.17233910891089
999,1,OPEN-MPI,0.000202,640,8,24.17233910891089
1000,1,OPEN-MPI,0.000201,640,8,24.292599502487562
1001,1,OPEN-MPI,0.000202,640,8,24.17233910891089
1002,1,OPEN-MPI,0.000196,640,8,24.91230867346939
1003,1,OPEN-MPI,0.000192,640,8,25.431315104166664
1004,1,OPEN-MPI,0.000195,640,8,25.040064102564102
1005,1,OPEN-MPI,0.000187,640,8,26.111296791443852
1006,1,OPEN-MPI,0.000185,640,8,26.39358108108108
1007,1,OPEN-MPI,0.000192,640,8,25.431315104166664
1008,1,OPEN-MPI,0.000209,640,8,23.36273923444976
1009,1,OPEN-MPI,0.000202,640,8,24.17233910891089
1010,1,OPEN-MPI,0.0002,640,8,24.4140625
1011,1,OPEN-MPI,0.000201,640,8,24.292599502487562
1012,1,OPEN-MPI,0.000201,640,8,24.292599502487562
1013,1,OPEN-MPI,0.000202,640,8,24.17233910891089
1014,1,OPEN-MPI,0.000201,640,8,24.292599502487562
1015,1,OPEN-MPI,0.000201,640,8,24.292599502487562
1016,1,OPEN-MPI,0.000224,640,8,21.798270089285715
1017,1,OPEN-MPI,0.000211,640,8,23.14129146919431
1018,1,OPEN-MPI,0.0002,640,8,24.4140625
1019,1,OPEN-MPI,0.000202,640,8,24.17233910891089
1020,1,OPEN-MPI,0.000201,640,8,24.292599502487562
1021,1,OPEN-MPI,0.000202,640,8,24.17233910891089
1022,1,OPEN-MPI,0.000201,640,8,24.292599502487562
1023,1,OPEN-MPI,0.000201,640,8,24.292599502487562
1024,1,OPEN-MPI,0.000201,640,8,24.292599502487562
1025,1,OPEN-MPI,0.000196,640,8,24.91230867346939
1026,1,OPEN-MPI,0.000185,640,8,26.39358108108108
1027,1,OPEN-MPI,0.000186,640,8,26.251680107526884
1028,1,OPEN-MPI,0.000191,640,8,25.56446335078534
1029,1,OPEN-MPI,0.000202,640,8,24.17233910891089
1030,1,OPEN-MPI,0.000201,640,8,24.292599502487562
1031,1,OPEN-MPI,0.000201,640,8,24.292599502487562
1032,1,OPEN-MPI,0.000201,640,8,24.292599502487562
1033,1,OPEN-MPI,0.000201,640,8,24.292599502487562
1034,1,OPEN-MPI,0.000195,640,8,25.040064102564102
1035,1,OPEN-MPI,0.000186,640,8,26.251680107526884
1036,1,OPEN-MPI,0.000225,640,8,21.70138888888889
1037,1,OPEN-MPI,0.000201,640,8,24.292599502487562
1038,1,OPEN-MPI,0.000201,640,8,24.292599502487562
1039,1,OPEN-MPI,0.000202,640,8,24.17233910891089
1040,1,OPEN-MPI,0.000202,640,8,24.17233910891089
1041,1,OPEN-MPI,0.000202,640,8,24.17233910891089
1042,1,OPEN-MPI,0.000195,640,8,25.040064102564102
1043,1,OPEN-MPI,0.000186,640,8,26.251680107526884
1044,1,OPEN-MPI,0.000186,640,8,26.251680107526884
1045,1,OPEN-MPI,0.000186,640,8,26.251680107526884
1046,1,OPEN-MPI,0.000191,640,8,25.56446335078534
1047,1,OPEN-MPI,0.000201,640,8,24.292599502487562
1048,1,OPEN-MPI,0.000201,640,8,24.292599502487562
1049,1,OPEN-MPI,0.000201,640,8,24.292599502487562
1050,1,OPEN-MPI,0.000201,640,8,24.292599502487562
1051,1,OPEN-MPI,0.000201,640,8,24.292599502487562
1052,1,OPEN-MPI,0.000196,640,8,24.91230867346939
1053,1,OPEN-MPI,0.000186,640,8,26.251680107526884
1054,1,OPEN-MPI,0.000186,640,8,26.251680107526884
1055,1,OPEN-MPI,0.000192,640,8,25.431315104166664
1056,1,OPEN-MPI,0.000241,640,8,20.260632780082986
1057,1,OPEN-MPI,0.000202,640,8,24.17233910891089
1058,1,OPEN-MPI,0.000201,640,8,24.292599502487562
1059,1,OPEN-MPI,0.000202,640,8,24.17233910891089
1060,1,OPEN-MPI,0.000201,640,8,24.292599502487562
1061,1,OPEN-MPI,0.000202,640,8,24.17233910891089
1062,1,OPEN-MPI,0.000196,640,8,24.91230867346939
1063,1,OPEN-MPI,0.000186,640,8,26.251680107526884
1064,1,OPEN-MPI,0.000187,640,8,26.111296791443852
1065,1,OPEN-MPI,0.000192,640,8,25.431315104166664
1066,1,OPEN-MPI,0.000201,640,8,24.292599502487562
1067,1,OPEN-MPI,0.000201,640,8,24.292599502487562
1068,1,OPEN-MPI,0.000202,640,8,24.17233910891089
1069,1,OPEN-MPI,0.000201,640,8,24.292599502487562
1070,1,OPEN-MPI,0.000202,640,8,24.17233910891089
1071,1,OPEN-MPI,0.000215,640,8,22.71075581395349
1072,1,OPEN-MPI,0.000192,640,8,25.431315104166664
1073,1,OPEN-MPI,0.000202,640,8,24.17233910891089
1074,1,OPEN-MPI,0.000202,640,8,24.17233910891089
1075,1,OPEN-MPI,0.000196,640,8,24.91230867346939
1076,1,OPEN-MPI,0.000216,640,8,22.605613425925927
1077,1,OPEN-MPI,0.000201,640,8,24.292599502487562
1078,1,OPEN-MPI,0.000201,640,8,24.292599502487562
1079,1,OPEN-MPI,0.000202,640,8,24.17233910891089
1080,1,OPEN-MPI,0.000201,640,8,24.292599502487562
1081,1,OPEN-MPI,0.000201,640,8,24.292599502487562
1082,1,OPEN-MPI,0.000201,640,8,24.292599502487562
1083,1,OPEN-MPI,0.000196,640,8,24.91230867346939
1084,1,OPEN-MPI,0.000186,640,8,26.251680107526884
1085,1,OPEN-MPI,0.000191,640,8,25.56446335078534
1086,1,OPEN-MPI,0.000201,640,8,24.292599502487562
1087,1,OPEN-MPI,0.000201,640,8,24.292599502487562
1088,1,OPEN-MPI,0.000201,640,8,24.292599502487562
1089,1,OPEN-MPI,0.000203,640,8,24.05326354679803
1090,1,OPEN-MPI,0.000196,640,8,24.91230867346939
1091,1,OPEN-MPI,0.000192,640,8,25.431315104166664
1092,1,OPEN-MPI,0.000202,640,8,24.17233910891089
1093,1,OPEN-MPI,0.000201,640,8,24.292599502487562
1094,1,OPEN-MPI,0.000196,640,8,24.91230867346939
1095,1,OPEN-MPI,0.000192,640,8,25.431315104166664
1096,1,OPEN-MPI,0.000224,640,8,21.798270089285715
1097,1,OPEN-MPI,0.000254,640,8,19.22367125984252
1098,1,OPEN-MPI,0.000225,640,8,21.70138888888889
1099,1,OPEN-MPI,0.000223,640,8,21.896020179372197
1100,1,OPEN-MPI,0.00022,640,8,22.194602272727273
1101,1,OPEN-MPI,0.000221,640,8,22.094174208144796
1102,1,OPEN-MPI,0.000221,640,8,22.094174208144796
1103,1,OPEN-MPI,0.000307,640,8,15.90492671009772
1104,1,OPEN-MPI,0.0002,640,8,24.4140625
1105,1,OPEN-MPI,0.000206,640,8,23.702973300970875
1106,1,OPEN-MPI,0.000206,640,8,23.702973300970875
1107,1,OPEN-MPI,0.000207,640,8,23.58846618357488
1108,1,OPEN-MPI,0.000207,640,8,23.58846618357488
1109,1,OPEN-MPI,0.000208,640,8,23.475060096153847
1110,1,OPEN-MPI,0.000221,640,8,22.094174208144796
1111,1,OPEN-MPI,0.000221,640,8,22.094174208144796
1112,1,OPEN-MPI,0.000215,640,8,22.71075581395349
1113,1,OPEN-MPI,0.000229,640,8,21.322325327510917
1114,1,OPEN-MPI,0.00021,640,8,23.251488095238095
1115,1,OPEN-MPI,0.000212,640,8,23.032134433962263
1116,1,OPEN-MPI,0.000221,640,8,22.094174208144796
1117,1,OPEN-MPI,0.000222,640,8,21.9946509009009
1118,1,OPEN-MPI,0.000221,640,8,22.094174208144796
1119,1,OPEN-MPI,0.00022,640,8,22.194602272727273
1120,1,OPEN-MPI,0.000214,640,8,22.816880841121495
1121,1,OPEN-MPI,0.000206,640,8,23.702973300970875
1122,1,OPEN-MPI,0.000211,640,8,23.14129146919431
1123,1,OPEN-MPI,0.000215,640,8,22.71075581395349
1124,1,OPEN-MPI,0.00021,640,8,23.251488095238095
1125,1,OPEN-MPI,0.000241,640,8,20.260632780082986
1126,1,OPEN-MPI,0.00022,640,8,22.194602272727273
1127,1,OPEN-MPI,0.000221,640,8,22.094174208144796
1128,1,OPEN-MPI,0.00022,640,8,22.194602272727273
1129,1,OPEN-MPI,0.00022,640,8,22.194602272727273
1130,1,OPEN-MPI,0.000221,640,8,22.094174208144796
1131,1,OPEN-MPI,0.000237,640,8,20.602584388185655
1132,1,OPEN-MPI,0.000206,640,8,23.702973300970875
1133,1,OPEN-MPI,0.000205,640,8,23.81859756097561
1134,1,OPEN-MPI,0.000207,640,8,23.58846618357488
1135,1,OPEN-MPI,0.000207,640,8,23.58846618357488
1136,1,OPEN-MPI,0.000205,640,8,23.81859756097561
1137,1,OPEN-MPI,0.000206,640,8,23.702973300970875
1138,1,OPEN-MPI,0.000206,640,8,23.702973300970875
1139,1,OPEN-MPI,0.000211,640,8,23.14129146919431
1140,1,OPEN-MPI,0.000206,640,8,23.702973300970875
1141,1,OPEN-MPI,0.000206,640,8,23.702973300970875
1142,1,OPEN-MPI,0.000206,640,8,23.702973300970875
1143,1,OPEN-MPI,0.000206,640,8,23.702973300970875
1144,1,OPEN-MPI,0.000206,640,8,23.702973300970875
1145,1,OPEN-MPI,0.000206,640,8,23.702973300970875
1146,1,OPEN-MPI,0.000205,640,8,23.81859756097561
1147,1,OPEN-MPI,0.000206,640,8,23.702973300970875
1148,1,OPEN-MPI,0.000205,640,8,23.81859756097561
1149,1,OPEN-MPI,0.000205,640,8,23.81859756097561
1150,1,OPEN-MPI,0.000212,640,8,23.032134433962263
1151,1,OPEN-MPI,0.000207,640,8,23.58846618357488
1152,1,OPEN-MPI,0.000206,640,8,23.702973300970875
1153,1,OPEN-MPI,0.000206,640,8,23.702973300970875
1154,1,OPEN-MPI,0.000205,640,8,23.81859756097561
1155,1,OPEN-MPI,0.000206,640,8,23.702973300970875
1156,1,OPEN-MPI,0.000205,640,8,23.81859756097561
1157,1,OPEN-MPI,0.000206,640,8,23.702973300970875
1158,1,OPEN-MPI,0.000206,640,8,23.702973300970875
1159,1,OPEN-MPI,0.000205,640,8,23.81859756097561
1160,1,OPEN-MPI,0.000205,640,8,23.81859756097561
1161,1,OPEN-MPI,0.000206,640,8,23.702973300970875
1162,1,OPEN-MPI,0.000206,640,8,23.702973300970875
1163,1,OPEN-MPI,0.000206,640,8,23.702973300970875
1164,1,OPEN-MPI,0.000206,640,8,23.702973300970875
1165,1,OPEN-MPI,0.000201,640,8,24.292599502487562
1166,1,OPEN-MPI,0.00019,640,8,25.699013157894736
1167,1,OPEN-MPI,0.000191,640,8,25.56446335078534
1168,1,OPEN-MPI,0.000191,640,8,25.56446335078534
1169,1,OPEN-MPI,0.000191,640,8,25.56446335078534
1170,1,OPEN-MPI,0.000195,640,8,25.040064102564102
1171,1,OPEN-MPI,0.000191,640,8,25.56446335078534
1172,1,OPEN-MPI,0.00019,640,8,25.699013157894736
1173,1,OPEN-MPI,0.000191,640,8,25.56446335078534
1174,1,OPEN-MPI,0.00019,640,8,25.699013157894736
1175,1,OPEN-MPI,0.000191,640,8,25.56446335078534
1176,1,OPEN-MPI,0.000191,640,8,25.56446335078534
1177,1,OPEN-MPI,0.000192,640,8,25.431315104166664
1178,1,OPEN-MPI,0.000191,640,8,25.56446335078534
1179,1,OPEN-MPI,0.000192,640,8,25.431315104166664
1180,1,OPEN-MPI,0.000191,640,8,25.56446335078534
1181,1,OPEN-MPI,0.000192,640,8,25.431315104166664
1182,1,OPEN-MPI,0.000191,640,8,25.56446335078534
1183,1,OPEN-MPI,0.000192,640,8,25.431315104166664
1184,1,OPEN-MPI,0.000191,640,8,25.56446335078534
1185,1,OPEN-MPI,0.000191,640,8,25.56446335078534
1186,1,OPEN-MPI,0.000191,640,8,25.56446335078534
1187,1,OPEN-MPI,0.000191,640,8,25.56446335078534
1188,1,OPEN-MPI,0.000191,640,8,25.56446335078534
1189,1,OPEN-MPI,0.000192,640,8,25.431315104166664
1190,1,OPEN-MPI,0.000194,640,8,25.169136597938145
1191,1,OPEN-MPI,0.000192,640,8,25.431315104166664
1192,1,OPEN-MPI,0.000191,640,8,25.56446335078534
1193,1,OPEN-MPI,0.000191,640,8,25.56446335078534
1194,1,OPEN-MPI,0.000191,640,8,25.56446335078534
1195,1,OPEN-MPI,0.000192,640,8,25.431315104166664
1196,1,OPEN-MPI,0.000191,640,8,25.56446335078534
1197,1,OPEN-MPI,0.000191,640,8,25.56446335078534
1198,1,OPEN-MPI,0.000191,640,8,25.56446335078534
1199,1,OPEN-MPI,0.000191,640,8,25.56446335078534
1200,1,OPEN-MPI,0.000191,640,8,25.56446335078534
1201,1,OPEN-MPI,0.000192,640,8,25.431315104166664
1202,1,OPEN-MPI,0.000191,640,8,25.56446335078534
1203,1,OPEN-MPI,0.000191,640,8,25.56446335078534
1204,1,OPEN-MPI,0.00019,640,8,25.699013157894736
1205,1,OPEN-MPI,0.000192,640,8,25.431315104166664
1206,1,OPEN-MPI,0.000191,640,8,25.56446335078534
1207,1,OPEN-MPI,0.000191,640,8,25.56446335078534
1208,1,OPEN-MPI,0.000191,640,8,25.56446335078534
1209,1,OPEN-MPI,0.000191,640,8,25.56446335078534
1210,1,OPEN-MPI,0.000191,640,8,25.56446335078534
1211,1,OPEN-MPI,0.000194,640,8,25.169136597938145
1212,1,OPEN-MPI,0.000191,640,8,25.56446335078534
1213,1,OPEN-MPI,0.000191,640,8,25.56446335078534
1214,1,OPEN-MPI,0.00019,640,8,25.699013157894736
1215,1,OPEN-MPI,0.000191,640,8,25.56446335078534
1216,1,OPEN-MPI,0.000191,640,8,25.56446335078534
1217,1,OPEN-MPI,0.000191,640,8,25.56446335078534
1218,1,OPEN-MPI,0.00019,640,8,25.699013157894736
1219,1,OPEN-MPI,0.000191,640,8,25.56446335078534
1220,1,OPEN-MPI,0.00019,640,8,25.699013157894736
1221,1,OPEN-MPI,0.00019,640,8,25.699013157894736
1222,1,OPEN-MPI,0.00019,640,8,25.699013157894736
1223,1,OPEN-MPI,0.00019,640,8,25.699013157894736
1224,1,OPEN-MPI,0.00019,640,8,25.699013157894736
1225,1,OPEN-MPI,0.000191,640,8,25.56446335078534
1226,1,OPEN-MPI,0.00019,640,8,25.699013157894736
1227,1,OPEN-MPI,0.000191,640,8,25.56446335078534
1228,1,OPEN-MPI,0.000191,640,8,25.56446335078534
1229,1,OPEN-MPI,0.000191,640,8,25.56446335078534
1230,1,OPEN-MPI,0.000191,640,8,25.56446335078534
1231,1,OPEN-MPI,0.000196,640,8,24.91230867346939
1232,1,OPEN-MPI,0.000193,640,8,25.29954663212435
1233,1,OPEN-MPI,0.000193,640,8,25.29954663212435
1234,1,OPEN-MPI,0.000193,640,8,25.29954663212435
1235,1,OPEN-MPI,0.000193,640,8,25.29954663212435
1236,1,OPEN-MPI,0.000192,640,8,25.431315104166664
1237,1,OPEN-MPI,0.000197,640,8,24.78585025380711
1238,1,OPEN-MPI,0.000192,640,8,25.431315104166664
1239,1,OPEN-MPI,0.000192,640,8,25.431315104166664
1240,1,OPEN-MPI,0.000192,640,8,25.431315104166664
1241,1,OPEN-MPI,0.000191,640,8,25.56446335078534
1242,1,OPEN-MPI,0.000192,640,8,25.431315104166664
1243,1,OPEN-MPI,0.000193,640,8,25.29954663212435
1244,1,OPEN-MPI,0.000193,640,8,25.29954663212435
1245,1,OPEN-MPI,0.000194,640,8,25.169136597938145
1246,1,OPEN-MPI,0.000192,640,8,25.431315104166664
1247,1,OPEN-MPI,0.000194,640,8,25.169136597938145
1248,1,OPEN-MPI,0.000192,640,8,25.431315104166664
1249,1,OPEN-MPI,0.000192,640,8,25.431315104166664
1250,1,OPEN-MPI,0.000197,640,8,24.78585025380711
1251,1,OPEN-MPI,0.000193,640,8,25.29954663212435
1252,1,OPEN-MPI,0.000196,640,8,24.91230867346939
1253,1,OPEN-MPI,0.000194,640,8,25.169136597938145
1254,1,OPEN-MPI,0.000194,640,8,25.169136597938145
1255,1,OPEN-MPI,0.000193,640,8,25.29954663212435
1256,1,OPEN-MPI,0.000193,640,8,25.29954663212435
1257,1,OPEN-MPI,0.000193,640,8,25.29954663212435
1258,1,OPEN-MPI,0.000199,640,8,24.536746231155778
1259,1,OPEN-MPI,0.000188,640,8,25.972406914893618
1260,1,OPEN-MPI,0.000188,640,8,25.972406914893618
1261,1,OPEN-MPI,0.000188,640,8,25.972406914893618
1262,1,OPEN-MPI,0.000188,640,8,25.972406914893618
1263,1,OPEN-MPI,0.000188,640,8,25.972406914893618
1264,1,OPEN-MPI,0.000188,640,8,25.972406914893618
1265,1,OPEN-MPI,0.000188,640,8,25.972406914893618
1266,1,OPEN-MPI,0.000186,640,8,26.251680107526884
1267,1,OPEN-MPI,0.000187,640,8,26.111296791443852
1268,1,OPEN-MPI,0.000187,640,8,26.111296791443852
1269,1,OPEN-MPI,0.000188,640,8,25.972406914893618
1270,1,OPEN-MPI,0.000187,640,8,26.111296791443852
1271,1,OPEN-MPI,0.000188,640,8,25.972406914893618
1272,1,OPEN-MPI,0.0002,640,8,24.4140625
1273,1,OPEN-MPI,0.000199,640,8,24.536746231155778
1274,1,OPEN-MPI,0.000188,640,8,25.972406914893618
1275,1,OPEN-MPI,0.000188,640,8,25.972406914893618
1276,1,OPEN-MPI,0.000188,640,8,25.972406914893618
1277,1,OPEN-MPI,0.000188,640,8,25.972406914893618
1278,1,OPEN-MPI,0.000187,640,8,26.111296791443852
1279,1,OPEN-MPI,0.000188,640,8,25.972406914893618
1280,1,OPEN-MPI,0.000188,640,8,25.972406914893618
1281,1,OPEN-MPI,0.000187,640,8,26.111296791443852
1282,1,OPEN-MPI,0.000187,640,8,26.111296791443852
1283,1,OPEN-MPI,0.000187,640,8,26.111296791443852
1284,1,OPEN-MPI,0.000188,640,8,25.972406914893618
1285,1,OPEN-MPI,0.000188,640,8,25.972406914893618
1286,1,OPEN-MPI,0.000188,640,8,25.972406914893618
1287,1,OPEN-MPI,0.000188,640,8,25.972406914893618
1288,1,OPEN-MPI,0.000187,640,8,26.111296791443852
1289,1,OPEN-MPI,0.000188,640,8,25.972406914893618
1290,1,OPEN-MPI,0.000187,640,8,26.111296791443852
1291,1,OPEN-MPI,0.000187,640,8,26.111296791443852
1292,1,OPEN-MPI,0.000187,640,8,26.111296791443852
1293,1,OPEN-MPI,0.00021,640,8,23.251488095238095
1294,1,OPEN-MPI,0.000189,640,8,25.834986772486772
1295,1,OPEN-MPI,0.000189,640,8,25.834986772486772
1296,1,OPEN-MPI,0.000188,640,8,25.972406914893618
1297,1,OPEN-MPI,0.000189,640,8,25.834986772486772
1298,1,OPEN-MPI,0.000187,640,8,26.111296791443852
1299,1,OPEN-MPI,0.000188,640,8,25.972406914893618
1300,1,OPEN-MPI,0.000187,640,8,26.111296791443852
1301,1,OPEN-MPI,0.000187,640,8,26.111296791443852
1302,1,OPEN-MPI,0.000186,640,8,26.251680107526884
1303,1,OPEN-MPI,0.000187,640,8,26.111296791443852
1304,1,OPEN-MPI,0.000187,640,8,26.111296791443852
1305,1,OPEN-MPI,0.000188,640,8,25.972406914893618
1306,1,OPEN-MPI,0.000187,640,8,26.111296791443852
1307,1,OPEN-MPI,0.000188,640,8,25.972406914893618
1308,1,OPEN-MPI,0.000187,640,8,26.111296791443852
1309,1,OPEN-MPI,0.000188,640,8,25.972406914893618
1310,1,OPEN-MPI,0.000187,640,8,26.111296791443852
1311,1,OPEN-MPI,0.000187,640,8,26.111296791443852
1312,1,OPEN-MPI,0.000187,640,8,26.111296791443852
1313,1,OPEN-MPI,0.000187,640,8,26.111296791443852
1314,1,OPEN-MPI,0.00021,640,8,23.251488095238095
1315,1,OPEN-MPI,0.000188,640,8,25.972406914893618
1316,1,OPEN-MPI,0.000188,640,8,25.972406914893618
1317,1,OPEN-MPI,0.000188,640,8,25.972406914893618
1318,1,OPEN-MPI,0.000188,640,8,25.972406914893618
1319,1,OPEN-MPI,0.000188,640,8,25.972406914893618
1320,1,OPEN-MPI,0.000186,640,8,26.251680107526884
1321,1,OPEN-MPI,0.000187,640,8,26.111296791443852
1322,1,OPEN-MPI,0.000187,640,8,26.111296791443852
1323,1,OPEN-MPI,0.000188,640,8,25.972406914893618
1324,1,OPEN-MPI,0.000187,640,8,26.111296791443852
1325,1,OPEN-MPI,0.000188,640,8,25.972406914893618
1326,1,OPEN-MPI,0.000187,640,8,26.111296791443852
1327,1,OPEN-MPI,0.000188,640,8,25.972406914893618
1328,1,OPEN-MPI,0.000188,640,8,25.972406914893618
1329,1,OPEN-MPI,0.000187,640,8,26.111296791443852
1330,1,OPEN-MPI,0.000186,640,8,26.251680107526884
1331,1,OPEN-MPI,0.000187,640,8,26.111296791443852
1332,1,OPEN-MPI,0.000186,640,8,26.251680107526884
1333,1,OPEN-MPI,0.000188,640,8,25.972406914893618
1334,1,OPEN-MPI,0.000186,640,8,26.251680107526884
1335,1,OPEN-MPI,0.00021,640,8,23.251488095238095
1336,1,OPEN-MPI,0.000189,640,8,25.834986772486772
1337,1,OPEN-MPI,0.000188,640,8,25.972406914893618
1338,1,OPEN-MPI,0.000188,640,8,25.972406914893618
1339,1,OPEN-MPI,0.000188,640,8,25.972406914893618
1340,1,OPEN-MPI,0.000188,640,8,25.972406914893618
1341,1,OPEN-MPI,0.000188,640,8,25.972406914893618
1342,1,OPEN-MPI,0.000187,640,8,26.111296791443852
1343,1,OPEN-MPI,0.000188,640,8,25.972406914893618
1344,1,OPEN-MPI,0.000187,640,8,26.111296791443852
1345,1,OPEN-MPI,0.000187,640,8,26.111296791443852
1346,1,OPEN-MPI,0.000186,640,8,26.251680107526884
1347,1,OPEN-MPI,0.000187,640,8,26.111296791443852
1348,1,OPEN-MPI,0.000187,640,8,26.111296791443852
1349,1,OPEN-MPI,0.000187,640,8,26.111296791443852
1350,1,OPEN-MPI,0.000187,640,8,26.111296791443852
1351,1,OPEN-MPI,0.000188,640,8,25.972406914893618
1352,1,OPEN-MPI,0.000187,640,8,26.111296791443852
1353,1,OPEN-MPI,0.000187,640,8,26.111296791443852
1354,1,OPEN-MPI,0.000186,640,8,26.251680107526884
1355,1,OPEN-MPI,0.000187,640,8,26.111296791443852
1356,1,OPEN-MPI,0.000212,640,8,23.032134433962263
1357,1,OPEN-MPI,0.000188,640,8,25.972406914893618
1358,1,OPEN-MPI,0.000188,640,8,25.972406914893618
1359,1,OPEN-MPI,0.000189,640,8,25.834986772486772
1360,1,OPEN-MPI,0.000188,640,8,25.972406914893618
1361,1,OPEN-MPI,0.000188,640,8,25.972406914893618
1362,1,OPEN-MPI,0.000187,640,8,26.111296791443852
1363,1,OPEN-MPI,0.000187,640,8,26.111296791443852
1364,1,OPEN-MPI,0.000187,640,8,26.111296791443852
1365,1,OPEN-MPI,0.000187,640,8,26.111296791443852
1366,1,OPEN-MPI,0.000187,640,8,26.111296791443852
1367,1,OPEN-MPI,0.000188,640,8,25.972406914893618
1368,1,OPEN-MPI,0.000187,640,8,26.111296791443852
1369,1,OPEN-MPI,0.000188,640,8,25.972406914893618
1370,1,OPEN-MPI,0.000186,640,8,26.251680107526884
1371,1,OPEN-MPI,0.000188,640,8,25.972406914893618
1372,1,OPEN-MPI,0.000187,640,8,26.111296791443852
1373,1,OPEN-MPI,0.000187,640,8,26.111296791443852
1374,1,OPEN-MPI,0.000186,640,8,26.251680107526884
1375,1,OPEN-MPI,0.000187,640,8,26.111296791443852
1376,1,OPEN-MPI,0.000199,640,8,24.536746231155778
1377,1,OPEN-MPI,0.000198,640,8,24.660669191919194
1378,1,OPEN-MPI,0.000187,640,8,26.111296791443852
1379,1,OPEN-MPI,0.000188,640,8,25.972406914893618
1380,1,OPEN-MPI,0.000188,640,8,25.972406914893618
1381,1,OPEN-MPI,0.000188,640,8,25.972406914893618
1382,1,OPEN-MPI,0.000187,640,8,26.111296791443852
1383,1,OPEN-MPI,0.000188,640,8,25.972406914893618
1384,1,OPEN-MPI,0.000187,640,8,26.111296791443852
1385,1,OPEN-MPI,0.000188,640,8,25.972406914893618
1386,1,OPEN-MPI,0.000186,640,8,26.251680107526884
1387,1,OPEN-MPI,0.000189,640,8,25.834986772486772
1388,1,OPEN-MPI,0.000187,640,8,26.111296791443852
1389,1,OPEN-MPI,0.000188,640,8,25.972406914893618
1390,1,OPEN-MPI,0.000187,640,8,26.111296791443852
1391,1,OPEN-MPI,0.000199,640,8,24.536746231155778
1392,1,OPEN-MPI,0.000192,640,8,25.431315104166664
1393,1,OPEN-MPI,0.000199,640,8,24.536746231155778
1394,1,OPEN-MPI,0.000186,640,8,26.251680107526884
1395,1,OPEN-MPI,0.000188,640,8,25.972406914893618
1396,1,OPEN-MPI,0.000186,640,8,26.251680107526884
1397,1,OPEN-MPI,0.00021,640,8,23.251488095238095
1398,1,OPEN-MPI,0.000188,640,8,25.972406914893618
1399,1,OPEN-MPI,0.000188,640,8,25.972406914893618
1400,1,OPEN-MPI,0.000187,640,8,26.111296791443852
1401,1,OPEN-MPI,0.000189,640,8,25.834986772486772
1402,1,OPEN-MPI,0.000188,640,8,25.972406914893618
1403,1,OPEN-MPI,0.000188,640,8,25.972406914893618
1404,1,OPEN-MPI,0.000186,640,8,26.251680107526884
1405,1,OPEN-MPI,0.000187,640,8,26.111296791443852
1406,1,OPEN-MPI,0.000187,640,8,26.111296791443852
1407,1,OPEN-MPI,0.000188,640,8,25.972406914893618
1408,1,OPEN-MPI,0.000188,640,8,25.972406914893618
1409,1,OPEN-MPI,0.000188,640,8,25.972406914893618
1410,1,OPEN-MPI,0.000187,640,8,26.111296791443852
1411,1,OPEN-MPI,0.000188,640,8,25.972406914893618
1412,1,OPEN-MPI,0.000187,640,8,26.111296791443852
1413,1,OPEN-MPI,0.000188,640,8,25.972406914893618
1414,1,OPEN-MPI,0.000187,640,8,26.111296791443852
1415,1,OPEN-MPI,0.000188,640,8,25.972406914893618
1416,1,OPEN-MPI,0.000187,640,8,26.111296791443852
1417,1,OPEN-MPI,0.000188,640,8,25.972406914893618
1418,1,OPEN-MPI,0.00021,640,8,23.251488095238095
1419,1,OPEN-MPI,0.000188,640,8,25.972406914893618
1420,1,OPEN-MPI,0.000188,640,8,25.972406914893618
1421,1,OPEN-MPI,0.000189,640,8,25.834986772486772
1422,1,OPEN-MPI,0.000187,640,8,26.111296791443852
1423,1,OPEN-MPI,0.000188,640,8,25.972406914893618
1424,1,OPEN-MPI,0.000188,640,8,25.972406914893618
1425,1,OPEN-MPI,0.000188,640,8,25.972406914893618
1426,1,OPEN-MPI,0.000186,640,8,26.251680107526884
1427,1,OPEN-MPI,0.000188,640,8,25.972406914893618
1428,1,OPEN-MPI,0.000187,640,8,26.111296791443852
1429,1,OPEN-MPI,0.000188,640,8,25.972406914893618
1430,1,OPEN-MPI,0.000187,640,8,26.111296791443852
1431,1,OPEN-MPI,0.000188,640,8,25.972406914893618
1432,1,OPEN-MPI,0.000187,640,8,26.111296791443852
1433,1,OPEN-MPI,0.000187,640,8,26.111296791443852
1434,1,OPEN-MPI,0.000187,640,8,26.111296791443852
1435,1,OPEN-MPI,0.000188,640,8,25.972406914893618
1436,1,OPEN-MPI,0.000187,640,8,26.111296791443852
1437,1,OPEN-MPI,0.000187,640,8,26.111296791443852
1438,1,OPEN-MPI,0.000187,640,8,26.111296791443852
1439,1,OPEN-MPI,0.000209,640,8,23.36273923444976
1440,1,OPEN-MPI,0.000187,640,8,26.111296791443852
1441,1,OPEN-MPI,0.000188,640,8,25.972406914893618
1442,1,OPEN-MPI,0.000187,640,8,26.111296791443852
1443,1,OPEN-MPI,0.000188,640,8,25.972406914893618
1444,1,OPEN-MPI,0.000187,640,8,26.111296791443852
1445,1,OPEN-MPI,0.000188,640,8,25.972406914893618
1446,1,OPEN-MPI,0.000187,640,8,26.111296791443852
1447,1,OPEN-MPI,0.000188,640,8,25.972406914893618
1448,1,OPEN-MPI,0.000187,640,8,26.111296791443852
1449,1,OPEN-MPI,0.000188,640,8,25.972406914893618
1450,1,OPEN-MPI,0.000187,640,8,26.111296791443852
1451,1,OPEN-MPI,0.000188,640,8,25.972406914893618
1452,1,OPEN-MPI,0.000187,640,8,26.111296791443852
1453,1,OPEN-MPI,0.000187,640,8,26.111296791443852
1454,1,OPEN-MPI,0.000187,640,8,26.111296791443852
1455,1,OPEN-MPI,0.000188,640,8,25.972406914893618
1456,1,OPEN-MPI,0.000186,640,8,26.251680107526884
1457,1,OPEN-MPI,0.000188,640,8,25.972406914893618
1458,1,OPEN-MPI,0.000187,640,8,26.111296791443852
1459,1,OPEN-MPI,0.000187,640,8,26.111296791443852
1460,1,OPEN-MPI,0.000212,640,8,23.032134433962263
1461,1,OPEN-MPI,0.000188,640,8,25.972406914893618
1462,1,OPEN-MPI,0.000188,640,8,25.972406914893618
1463,1,OPEN-MPI,0.000189,640,8,25.834986772486772
1464,1,OPEN-MPI,0.000187,640,8,26.111296791443852
1465,1,OPEN-MPI,0.000188,640,8,25.972406914893618
1466,1,OPEN-MPI,0.000187,640,8,26.111296791443852
1467,1,OPEN-MPI,0.000188,640,8,25.972406914893618
1468,1,OPEN-MPI,0.000187,640,8,26.111296791443852
1469,1,OPEN-MPI,0.000188,640,8,25.972406914893618
1470,1,OPEN-MPI,0.000187,640,8,26.111296791443852
1471,1,OPEN-MPI,0.000188,640,8,25.972406914893618
1472,1,OPEN-MPI,0.000187,640,8,26.111296791443852
1473,1,OPEN-MPI,0.000188,640,8,25.972406914893618
1474,1,OPEN-MPI,0.000187,640,8,26.111296791443852
1475,1,OPEN-MPI,0.000188,640,8,25.972406914893618
1476,1,OPEN-MPI,0.000187,640,8,26.111296791443852
1477,1,OPEN-MPI,0.000187,640,8,26.111296791443852
1478,1,OPEN-MPI,0.000187,640,8,26.111296791443852
1479,1,OPEN-MPI,0.000187,640,8,26.111296791443852
1480,1,OPEN-MPI,0.000209,640,8,23.36273923444976
1481,1,OPEN-MPI,0.000188,640,8,25.972406914893618
1482,1,OPEN-MPI,0.000188,640,8,25.972406914893618
1483,1,OPEN-MPI,0.000189,640,8,25.834986772486772
1484,1,OPEN-MPI,0.000186,640,8,26.251680107526884
1485,1,OPEN-MPI,0.000188,640,8,25.972406914893618
1486,1,OPEN-MPI,0.000187,640,8,26.111296791443852
1487,1,OPEN-MPI,0.000188,640,8,25.972406914893618
1488,1,OPEN-MPI,0.000187,640,8,26.111296791443852
1489,1,OPEN-MPI,0.000187,640,8,26.111296791443852
1490,1,OPEN-MPI,0.000187,640,8,26.111296791443852
1491,1,OPEN-MPI,0.000187,640,8,26.111296791443852
1492,1,OPEN-MPI,0.000187,640,8,26.111296791443852
1493,1,OPEN-MPI,0.000188,640,8,25.972406914893618
1494,1,OPEN-MPI,0.000187,640,8,26.111296791443852
1495,1,OPEN-MPI,0.000188,640,8,25.972406914893618
1496,1,OPEN-MPI,0.000187,640,8,26.111296791443852
1497,1,OPEN-MPI,0.000188,640,8,25.972406914893618
1498,1,OPEN-MPI,0.00019,640,8,25.699013157894736
1499,1,OPEN-MPI,0.000188,640,8,25.972406914893618
1500,1,OPEN-MPI,0.000186,640,8,26.251680107526884
1501,1,OPEN-MPI,0.000209,640,8,23.36273923444976
1502,1,OPEN-MPI,0.000187,640,8,26.111296791443852
1503,1,OPEN-MPI,0.000188,640,8,25.972406914893618
1504,1,OPEN-MPI,0.000187,640,8,26.111296791443852
1505,1,OPEN-MPI,0.000187,640,8,26.111296791443852
1506,1,OPEN-MPI,0.000191,640,8,25.56446335078534
1507,1,OPEN-MPI,0.000187,640,8,26.111296791443852
1508,1,OPEN-MPI,0.000187,640,8,26.111296791443852
1509,1,OPEN-MPI,0.000187,640,8,26.111296791443852
1510,1,OPEN-MPI,0.000187,640,8,26.111296791443852
1511,1,OPEN-MPI,0.000187,640,8,26.111296791443852
1512,1,OPEN-MPI,0.000186,640,8,26.251680107526884
1513,1,OPEN-MPI,0.000187,640,8,26.111296791443852
1514,1,OPEN-MPI,0.000187,640,8,26.111296791443852
1515,1,OPEN-MPI,0.000188,640,8,25.972406914893618
1516,1,OPEN-MPI,0.000187,640,8,26.111296791443852
1517,1,OPEN-MPI,0.000187,640,8,26.111296791443852
1518,1,OPEN-MPI,0.000187,640,8,26.111296791443852
1519,1,OPEN-MPI,0.000187,640,8,26.111296791443852
1520,1,OPEN-MPI,0.000187,640,8,26.111296791443852
1521,1,OPEN-MPI,0.000187,640,8,26.111296791443852
1522,1,OPEN-MPI,0.000209,640,8,23.36273923444976
1523,1,OPEN-MPI,0.000188,640,8,25.972406914893618
1524,1,OPEN-MPI,0.000187,640,8,26.111296791443852
1525,1,OPEN-MPI,0.000187,640,8,26.111296791443852
1526,1,OPEN-MPI,0.000187,640,8,26.111296791443852
1527,1,OPEN-MPI,0.000187,640,8,26.111296791443852
1528,1,OPEN-MPI,0.000187,640,8,26.111296791443852
1529,1,OPEN-MPI,0.000187,640,8,26.111296791443852
1530,1,OPEN-MPI,0.000187,640,8,26.111296791443852
1531,1,OPEN-MPI,0.000187,640,8,26.111296791443852
1532,1,OPEN-MPI,0.000187,640,8,26.111296791443852
1533,1,OPEN-MPI,0.000188,640,8,25.972406914893618
1534,1,OPEN-MPI,0.000187,640,8,26.111296791443852
1535,1,OPEN-MPI,0.000187,640,8,26.111296791443852
1536,1,OPEN-MPI,0.000187,640,8,26.111296791443852
1537,1,OPEN-MPI,0.000187,640,8,26.111296791443852
1538,1,OPEN-MPI,0.000187,640,8,26.111296791443852
1539,1,OPEN-MPI,0.000187,640,8,26.111296791443852
1540,1,OPEN-MPI,0.000187,640,8,26.111296791443852
1541,1,OPEN-MPI,0.000188,640,8,25.972406914893618
1542,1,OPEN-MPI,0.000187,640,8,26.111296791443852
1543,1,OPEN-MPI,0.000209,640,8,23.36273923444976
1544,1,OPEN-MPI,0.000187,640,8,26.111296791443852
1545,1,OPEN-MPI,0.000188,640,8,25.972406914893618
1546,1,OPEN-MPI,0.000188,640,8,25.972406914893618
1547,1,OPEN-MPI,0.000188,640,8,25.972406914893618
1548,1,OPEN-MPI,0.000187,640,8,26.111296791443852
1549,1,OPEN-MPI,0.000187,640,8,26.111296791443852
1550,1,OPEN-MPI,0.000187,640,8,26.111296791443852
1551,1,OPEN-MPI,0.000188,640,8,25.972406914893618
1552,1,OPEN-MPI,0.000187,640,8,26.111296791443852
1553,1,OPEN-MPI,0.000187,640,8,26.111296791443852
1554,1,OPEN-MPI,0.000187,640,8,26.111296791443852
1555,1,OPEN-MPI,0.000187,640,8,26.111296791443852
1556,1,OPEN-MPI,0.000187,640,8,26.111296791443852
1557,5,OPEN-MPI,0.0416474,640,8,0.586208562839457
1558,5,OPEN-MPI,0.039285799999999996,640,8,0.6214475077508923
1559,5,OPEN-MPI,0.040029999999999996,640,8,0.6098941418935798
1560,5,OPEN-MPI,0.0320466,640,8,0.7618300381319703
1561,5,OPEN-MPI,0.035995599999999996,640,8,0.6782513001589084
1562,5,OPEN-MPI,0.0409312,640,8,0.5964658377961066
1563,5,OPEN-MPI,0.0399918,640,8,0.6104767102255962
1564,5,OPEN-MPI,0.0503884,640,8,0.4845175179207913
1565,5,OPEN-MPI,0.049752,640,8,0.4907151973789999
1566,5,OPEN-MPI,0.0464566,640,8,0.5255240913024198
1567,5,OPEN-MPI,0.0364656,640,8,0.6695094143521565
1568,5,OPEN-MPI,0.0321144,640,8,0.7602216606880402
1569,5,OPEN-MPI,0.0349312,640,8,0.698918516970502
1570,5,OPEN-MPI,0.033735799999999996,640,8,0.7236841130194038
1571,5,OPEN-MPI,0.0296234,640,8,0.8241478864681299
1572,5,OPEN-MPI,0.0672118,640,8,0.3632407181477062
1573,5,OPEN-MPI,0.030931599999999997,640,8,0.7892919376947847
1574,5,OPEN-MPI,0.0321288,640,8,0.7598809323722019
1575,5,OPEN-MPI,0.0411812,640,8,0.5928448539624878
1576,5,OPEN-MPI,0.047199,640,8,0.5172580457213076
1577,5,OPEN-MPI,0.0352088,640,8,0.6934079690304696
1578,5,OPEN-MPI,0.0344128,640,8,0.7094471388553096
1579,5,OPEN-MPI,0.016875800000000003,640,8,1.4466906754050175
1580,5,OPEN-MPI,0.0313188,640,8,0.779533778433401
1581,5,OPEN-MPI,0.0328662,640,8,0.7428319215485819
1582,5,OPEN-MPI,0.0384164,640,8,0.6355114612509241
1583,5,OPEN-MPI,0.0280046,640,8,0.871787581325925
1584,5,OPEN-MPI,0.026258600000000003,640,8,0.9297549183886421
1585,5,OPEN-MPI,0.030071999999999998,640,8,0.8118536346102687
1586,5,OPEN-MPI,0.031584600000000004,640,8,0.7729736168892434
1587,5,OPEN-MPI,0.042327800000000006,640,8,0.5767855286596515
1588,5,OPEN-MPI,0.05667019999999999,640,8,0.4308095348172409
1589,5,OPEN-MPI,0.033084,640,8,0.737941678757103
1590,5,OPEN-MPI,0.027976400000000002,640,8,0.8726663366265852
1591,5,OPEN-MPI,0.0472076,640,8,0.5171638147247477
1592,5,OPEN-MPI,0.048089799999999995,640,8,0.5076765239198333
1593,5,OPEN-MPI,0.045736000000000006,640,8,0.533804060258877
1594,5,OPEN-MPI,0.013910200000000001,640,8,1.7551194447240153
1595,5,OPEN-MPI,0.0398918,640,8,0.6120070415473857
1596,5,OPEN-MPI,0.027357199999999998,640,8,0.8924181751056395
1597,5,OPEN-MPI,0.027589799999999998,640,8,0.884894508115318
1598,5,OPEN-MPI,0.0415444,640,8,0.5876619351825998
1599,5,OPEN-MPI,0.0617008,640,8,0.3956846993880144
1600,5,OPEN-MPI,0.0575978,640,8,0.42387144127032633
1601,5,OPEN-MPI,0.0373382,640,8,0.653862866983411
1602,5,OPEN-MPI,0.035244399999999995,640,8,0.6927075648897414
1603,5,OPEN-MPI,0.0392906,640,8,0.6213715876061958
1604,5,OPEN-MPI,0.045796199999999995,640,8,0.5331023643883117
1605,5,OPEN-MPI,0.0321322,640,8,0.7598005271970173
1606,5,OPEN-MPI,0.025702799999999998,640,8,0.9498600347043903
1607,5,OPEN-MPI,0.0264918,640,8,0.921570542582988
1608,5,OPEN-MPI,0.040262,640,8,0.6063797749739208
1609,5,OPEN-MPI,0.051905,640,8,0.4703605144013101
1610,5,OPEN-MPI,0.0272164,640,8,0.8970349678870092
1611,5,OPEN-MPI,0.042404800000000006,640,8,0.5757381829415537
1612,5,OPEN-MPI,0.028927199999999997,640,8,0.8439829122763352
1613,5,OPEN-MPI,0.0693892,640,8,0.35184239766418984
1614,5,OPEN-MPI,0.0257318,640,8,0.9487895327959956
1615,5,OPEN-MPI,0.0325724,640,8,0.7495321959695939
1616,5,OPEN-MPI,0.042019799999999996,640,8,0.581013296112785
1617,5,OPEN-MPI,0.0339818,640,8,0.7184452412762126
1618,5,OPEN-MPI,0.0423992,640,8,0.5758142252684013
1619,5,OPEN-MPI,0.058001199999999996,640,8,0.4209234033088971
1620,5,OPEN-MPI,0.0284746,640,8,0.8573979090136473
1621,5,OPEN-MPI,0.036827399999999996,640,8,0.6629320152929613
1622,5,OPEN-MPI,0.0368162,640,8,0.6631336884306365
1623,5,OPEN-MPI,0.037739600000000005,640,8,0.646908353559656
1624,5,OPEN-MPI,0.03529140000000001,640,8,0.6917850382812808
1625,5,OPEN-MPI,0.034188199999999995,640,8,0.7141078647018563
1626,5,OPEN-MPI,0.0595316,640,8,0.4101025757748826
1627,5,OPEN-MPI,0.030490200000000002,640,8,0.8007183455667722
1628,5,OPEN-MPI,0.035211400000000004,640,8,0.6933567679785523
1629,5,OPEN-MPI,0.0408096,640,8,0.5982431217164589
1630,5,OPEN-MPI,0.0321436,640,8,0.7595310575044487
1631,5,OPEN-MPI,0.0453012,640,8,0.5389275008167554
1632,5,OPEN-MPI,0.0408056,640,8,0.5983017649538299
1633,5,OPEN-MPI,0.0202134,640,8,1.207815731148644
1634,5,OPEN-MPI,0.0433376,640,8,0.5633459743963671
1635,5,OPEN-MPI,0.020513399999999998,640,8,1.1901519250831165
1636,5,OPEN-MPI,0.0360962,640,8,0.6763610158410026
1637,5,OPEN-MPI,0.0511598,640,8,0.4772118440650667
1638,5,OPEN-MPI,0.025744,640,8,0.9483399044437539
1639,5,OPEN-MPI,0.0307556,640,8,0.793808688499005
1640,5,OPEN-MPI,0.0344696,640,8,0.7082780914196857
1641,5,OPEN-MPI,0.0256954,640,8,0.9501335842213003
1642,5,OPEN-MPI,0.0375016,640,8,0.6510138900740234
1643,5,OPEN-MPI,0.0383564,640,8,0.636505576644315
1644,5,OPEN-MPI,0.029931399999999997,640,8,0.8156672424276847
1645,5,OPEN-MPI,0.023334,640,8,1.046287070369418
1646,5,OPEN-MPI,0.0696046,640,8,0.3507535780681162
1647,5,OPEN-MPI,0.043300200000000004,640,8,0.5638325573553932
1648,5,OPEN-MPI,0.03195,640,8,0.7641334115805947
1649,5,OPEN-MPI,0.0312884,640,8,0.7802911782002275
1650,5,OPEN-MPI,0.039211199999999995,640,8,0.6226298226017057
1651,5,OPEN-MPI,0.0396484,640,8,0.6157641291956296
1652,5,OPEN-MPI,0.0304962,640,8,0.8005608075760259
1653,5,OPEN-MPI,0.0273534,640,8,0.8925421519811065
1654,5,OPEN-MPI,0.0326188,640,8,0.7484659920046107
1655,5,OPEN-MPI,0.031133,640,8,0.7841859923553786
1656,5,OPEN-MPI,0.036022,640,8,0.6777542196435512
1657,5,OPEN-MPI,0.0456306,640,8,0.5350370694227119
1658,5,OPEN-MPI,0.0352118,640,8,0.6933488915647595
1659,5,OPEN-MPI,0.0336908,640,8,0.7246507206715186
1660,5,OPEN-MPI,0.0294482,640,8,0.8290510965016538
1661,5,OPEN-MPI,0.0336904,640,8,0.7246593243179066
1662,5,OPEN-MPI,0.0320954,640,8,0.7606717006175339
1663,5,OPEN-MPI,0.0736618,640,8,0.3314345087956037
1664,5,OPEN-MPI,0.029618600000000002,640,8,0.8242814481440716
1665,5,OPEN-MPI,0.0376084,640,8,0.6491651466161815
1666,5,OPEN-MPI,0.026467599999999997,640,8,0.922413157974278
1667,5,OPEN-MPI,0.02973,640,8,0.8211928187016482
1668,5,OPEN-MPI,0.0316006,640,8,0.7725822452738239
1669,5,OPEN-MPI,0.04682580000000001,640,8,0.5213805743842069
1670,5,OPEN-MPI,0.0312672,640,8,0.7808202365418073
1671,5,OPEN-MPI,0.043204599999999996,640,8,0.5650801650750152
1672,5,OPEN-MPI,0.04932099999999999,640,8,0.4950033961193002
1673,5,OPEN-MPI,0.0368684,640,8,0.6621947928307168
1674,5,OPEN-MPI,0.056011599999999995,640,8,0.4358751133693735
1675,5,OPEN-MPI,0.025641199999999996,640,8,0.9521419629346521
1676,5,OPEN-MPI,0.0211294,640,8,1.155454603538198
1677,8,OPEN-MPI,0.061634125,640,8,0.6337803935725542
1678,8,OPEN-MPI,0.079837875,640,8,0.48927279189231926
1679,8,OPEN-MPI,0.06449587500000001,640,8,0.6056588890374771
1680,8,OPEN-MPI,0.05844049999999999,640,8,0.6684148835140015
1681,8,OPEN-MPI,0.03665975,640,8,1.065541909041933
1682,8,OPEN-MPI,0.060573125,640,8,0.64488170290042
1683,8,OPEN-MPI,0.04281425,640,8,0.9123714651079956
1684,8,OPEN-MPI,0.043384875,640,8,0.9003713851889626
1685,8,OPEN-MPI,0.039990125,640,8,0.9768036484006989
1686,8,OPEN-MPI,0.040582875,640,8,0.9625365378869782
1687,8,OPEN-MPI,0.04552975,640,8,0.8579555126043961
1688,8,OPEN-MPI,0.035841,640,8,1.0898830947797216
1689,8,OPEN-MPI,0.030797125,640,8,1.2683813830024717
1690,8,OPEN-MPI,0.043823125000000004,640,8,0.8913672861075059
1691,8,OPEN-MPI,0.036547375,640,8,1.0688182119782885
1692,8,OPEN-MPI,0.05314175,640,8,0.7350623568098529
1693,8,OPEN-MPI,0.04363775,640,8,0.8951538518828307
1694,8,OPEN-MPI,0.075021,640,8,0.5206875408219032
1695,8,OPEN-MPI,0.05523262500000001,640,8,0.7072359859774906
1696,8,OPEN-MPI,0.047088624999999995,640,8,0.8295527847755164
1697,8,OPEN-MPI,0.057488375,640,8,0.6794852002687499
1698,8,OPEN-MPI,0.035000500000000004,640,8,1.1160554849216437
1699,8,OPEN-MPI,0.044081625,640,8,0.8861402001400811
1700,8,OPEN-MPI,0.03197225,640,8,1.2217626222740032
1701,8,OPEN-MPI,0.078768875,640,8,0.4959128843721584
1702,8,OPEN-MPI,0.053506750000000006,640,8,0.7300480780462277
1703,8,OPEN-MPI,0.043230374999999995,640,8,0.9035892008801683
1704,8,OPEN-MPI,0.08148625,640,8,0.47937535473776255
1705,8,OPEN-MPI,0.039264875,640,8,0.9948459023491097
1706,8,OPEN-MPI,0.047030875,640,8,0.830571406549421
1707,8,OPEN-MPI,0.039000625,640,8,1.0015865130366501
1708,8,OPEN-MPI,0.058414999999999995,640,8,0.6687066678079261
1709,8,OPEN-MPI,0.06533887499999999,640,8,0.5978446981219069
1710,8,OPEN-MPI,0.039090625000000004,640,8,0.9992805180270204
1711,8,OPEN-MPI,0.046515875,640,8,0.839767068769533
1712,8,OPEN-MPI,0.04671499999999999,640,8,0.8361875200685006
1713,8,OPEN-MPI,0.07307425000000001,640,8,0.534559027290735
1714,8,OPEN-MPI,0.023605374999999998,640,8,1.6548137871141637
1715,8,OPEN-MPI,0.037662375,640,8,1.037175695903405
1716,8,OPEN-MPI,0.056046374999999996,640,8,0.6969674666738037
1717,8,OPEN-MPI,0.037508875,640,8,1.0414201972199912
1718,8,OPEN-MPI,0.053584124999999996,640,8,0.7289938951135249
1719,8,OPEN-MPI,0.033807125,640,8,1.1554516984215606
1720,8,OPEN-MPI,0.048560124999999996,640,8,0.8044151451422336
1721,8,OPEN-MPI,0.073494,640,8,0.53150597327673
1722,8,OPEN-MPI,0.042500375,640,8,0.9191095372687889
1723,8,OPEN-MPI,0.0288295,640,8,1.3549489238453667
1724,8,OPEN-MPI,0.05331375000000001,640,8,0.7326909099434947
1725,8,OPEN-MPI,0.069493625,640,8,0.5621019194206662
1726,8,OPEN-MPI,0.044006500000000004,640,8,0.8876529603581288
1727,8,OPEN-MPI,0.042020749999999996,640,8,0.9296002570158791
1728,8,OPEN-MPI,0.051316875,640,8,0.7612018463711986
1729,8,OPEN-MPI,0.048029375,640,8,0.813304358010072
1730,8,OPEN-MPI,0.0415135,640,8,0.940958965155913
1731,8,OPEN-MPI,0.042487625,640,8,0.9193853504402753
1732,8,OPEN-MPI,0.0861965,640,8,0.45317965346620803
1733,8,OPEN-MPI,0.036707625,640,8,1.0641522027099275
1734,8,OPEN-MPI,0.079424875,640,8,0.49181695281232735
1735,8,OPEN-MPI,0.051502124999999996,640,8,0.7584638497926057
1736,8,OPEN-MPI,0.035533375,640,8,1.0993185983599927
1737,8,OPEN-MPI,0.061530625000000005,640,8,0.6348464687300023
1738,8,OPEN-MPI,0.06649374999999999,640,8,0.5874612275589812
1739,8,OPEN-MPI,0.029005625,640,8,1.3467215410803939
1740,8,OPEN-MPI,0.053934,640,8,0.7242648422145584
1741,8,OPEN-MPI,0.07798037499999999,640,8,0.5009273166485799
1742,8,OPEN-MPI,0.0660105,640,8,0.5917619166647731
1743,8,OPEN-MPI,0.046282500000000004,640,8,0.8440015124507102
1744,8,OPEN-MPI,0.083225625,640,8,0.4693566434616742
1745,8,OPEN-MPI,0.04472087499999999,640,8,0.8734735176805016
1746,8,OPEN-MPI,0.037012875,640,8,1.0553760009185993
1747,8,OPEN-MPI,0.062005625,640,8,0.6299831668497817
1748,8,OPEN-MPI,0.082551625,640,8,0.47318874704162395
1749,8,OPEN-MPI,0.038910875,640,8,1.0038967255298166
1750,8,OPEN-MPI,0.055664124999999995,640,8,0.7017535980310479
1751,8,OPEN-MPI,0.035985125,640,8,1.085517974440828
1752,10,OPEN-MPI,0.0722411,640,8,0.6759050595851945
1753,10,OPEN-MPI,0.0736024,640,8,0.6634039786746084
1754,10,OPEN-MPI,0.0805944,640,8,0.6058500962846054
1755,10,OPEN-MPI,0.076784,640,8,0.6359153599708273
1756,10,OPEN-MPI,0.0776386,640,8,0.628915578075854
1757,10,OPEN-MPI,0.06482560000000001,640,8,0.7532228779988152
1758,10,OPEN-MPI,0.1248243,640,8,0.39117483534856595
1759,10,OPEN-MPI,0.0791931,640,8,0.6165704461626076
1760,10,OPEN-MPI,0.0878362,640,8,0.555899788469902
1761,10,OPEN-MPI,0.1117421,640,8,0.43697160694134085
1762,10,OPEN-MPI,0.10375359999999997,640,8,0.4706162003053389
1763,10,OPEN-MPI,0.0813783,640,8,0.600014070089938
1764,10,OPEN-MPI,0.1262862,640,8,0.3866465615403742
1765,10,OPEN-MPI,0.1332407,640,8,0.36646553943352145
1766,10,OPEN-MPI,0.0837008,640,8,0.5833650932846519
1767,10,OPEN-MPI,0.0988279,640,8,0.49407227108943935
1768,10,OPEN-MPI,0.1038846,640,8,0.4700227463935945
1769,10,OPEN-MPI,0.10429010000000001,640,8,0.4681952074070309
1770,10,OPEN-MPI,0.0965047,640,8,0.5059662897247492
1771,10,OPEN-MPI,0.0921616,640,8,0.5298098665821774
1772,10,OPEN-MPI,0.07897449999999999,640,8,0.6182771021025775
1773,10,OPEN-MPI,0.1272003,640,8,0.3838680018836434
1774,10,OPEN-MPI,0.0904038,640,8,0.5401114223074693
1775,10,OPEN-MPI,0.08906919999999999,640,8,0.5482043736779942
1776,10,OPEN-MPI,0.08288219999999999,640,8,0.5891267968273044
1777,10,OPEN-MPI,0.1148098,640,8,0.42529579356466085
1778,10,OPEN-MPI,0.10422709999999999,640,8,0.46847820768303067
1779,10,OPEN-MPI,0.08854820000000001,640,8,0.5514298991961439
1780,10,OPEN-MPI,0.0784485,640,8,0.6224226721989585
1781,10,OPEN-MPI,0.1252159,640,8,0.38995147581097933
1782,10,OPEN-MPI,0.0915214,640,8,0.5335159317930014
1783,10,OPEN-MPI,0.08176639999999999,640,8,0.5971661342556357
1784,10,OPEN-MPI,0.08188740000000001,640,8,0.5962837384017564
1785,10,OPEN-MPI,0.094502,640,8,0.516688800237032
1786,10,OPEN-MPI,0.0912577,640,8,0.5350575896609273
1787,10,OPEN-MPI,0.08609910000000001,640,8,0.5671153937729895
1788,10,OPEN-MPI,0.10025680000000001,640,8,0.4870305555333902
1789,10,OPEN-MPI,0.094942,640,8,0.5142942533336142
1790,10,OPEN-MPI,0.1068092,640,8,0.45715280144407033
1791,10,OPEN-MPI,0.09257459999999999,640,8,0.5274462433540086
1792,10,OPEN-MPI,0.106406,640,8,0.4588850722703607
1793,10,OPEN-MPI,0.0933917,640,8,0.5228315257137411
1794,10,OPEN-MPI,0.0708382,640,8,0.6892908769562185
1795,10,OPEN-MPI,0.07493550000000002,640,8,0.6516020444248719
1796,10,OPEN-MPI,0.1129299,640,8,0.43237552676483376
1797,10,OPEN-MPI,0.0980669,640,8,0.49790627622571937
1798,10,OPEN-MPI,0.09623309999999999,640,8,0.5073942853342561
1799,10,OPEN-MPI,0.0938492,640,8,0.5202828047548621
1800,10,OPEN-MPI,0.0818942,640,8,0.596234226599686
1801,10,OPEN-MPI,0.0963543,640,8,0.5067560555159448
1802,10,OPEN-MPI,0.0884007,640,8,0.5523499813915501
1803,10,OPEN-MPI,0.0799479,640,8,0.6107493129900847
1804,10,OPEN-MPI,0.08446069999999999,640,8,0.5781165086247214
1805,10,OPEN-MPI,0.0842649,640,8,0.5794598344031737
1806,10,OPEN-MPI,0.0916661,640,8,0.5326737474377115
1807,10,OPEN-MPI,0.08991,640,8,0.5430778000222445
1808,10,OPEN-MPI,0.0990877,640,8,0.49277685323203585
1809,10,OPEN-MPI,0.09199759999999998,640,8,0.530754334895693
1810,10,OPEN-MPI,0.0999881,640,8,0.48833936238412373
1811,10,OPEN-MPI,0.0694595,640,8,0.7029725955412867
1812,15,OPEN-MPI,0.12392053333333332,640,8,0.5910415774517864
1813,15,OPEN-MPI,0.12095106666666666,640,8,0.6055522247013393
1814,15,OPEN-MPI,0.12269506666666667,640,8,0.5969448445631609
1815,15,OPEN-MPI,0.1157428,640,8,0.6328012412003166
1816,15,OPEN-MPI,0.09759326666666669,640,8,0.7504840241710663
1817,15,OPEN-MPI,0.13472440000000002,640,8,0.5436445625291335
1818,15,OPEN-MPI,0.11973913333333333,640,8,0.6116812896591313
1819,15,OPEN-MPI,0.11363666666666668,640,8,0.6445295312545832
1820,15,OPEN-MPI,0.10587733333333334,640,8,0.6917645655979247
1821,15,OPEN-MPI,0.12175473333333334,640,8,0.6015551551452346
1822,15,OPEN-MPI,0.13728173333333332,640,8,0.5335173567641435
1823,15,OPEN-MPI,0.10117793333333333,640,8,0.7238948759578011
1824,15,OPEN-MPI,0.09400706666666665,640,8,0.7791136357834093
1825,15,OPEN-MPI,0.12826500000000002,640,8,0.5710223950415155
1826,15,OPEN-MPI,0.0969804,640,8,0.7552267004466883
1827,15,OPEN-MPI,0.11008346666666666,640,8,0.6653332213980665
1828,15,OPEN-MPI,0.12456573333333334,640,8,0.5879802216875052
1829,15,OPEN-MPI,0.11659186666666667,640,8,0.6281929399878093
1830,15,OPEN-MPI,0.12179513333333333,640,8,0.601355616562676
1831,15,OPEN-MPI,0.10338226666666668,640,8,0.7084598728731039
1832,15,OPEN-MPI,0.11184693333333333,640,8,0.654843054853538
1833,15,OPEN-MPI,0.1058662666666667,640,8,0.6918368787917333
1834,15,OPEN-MPI,0.12933473333333334,640,8,0.5662994434080868
1835,15,OPEN-MPI,0.09068646666666667,640,8,0.8076418697534435
1836,15,OPEN-MPI,0.09022753333333333,640,8,0.8117498594294572
1837,15,OPEN-MPI,0.1176046,640,8,0.6227833562632754
1838,15,OPEN-MPI,0.1089304,640,8,0.6723760079830792
1839,15,OPEN-MPI,0.11597380000000003,640,8,0.6315408092172541
1840,15,OPEN-MPI,0.10900706666666668,640,8,0.6719031136207683
1841,15,OPEN-MPI,0.11834680000000002,640,8,0.6188776333622877
1842,15,OPEN-MPI,0.11740419999999999,640,8,0.6238463998732584
1843,15,OPEN-MPI,0.11959420000000001,640,8,0.612422571495942
1844,15,OPEN-MPI,0.10774400000000002,640,8,0.6797797325141074
1845,15,OPEN-MPI,0.1010224,640,8,0.7250093791079998
1846,15,OPEN-MPI,0.12051773333333334,640,8,0.6077295471316531
1847,15,OPEN-MPI,0.10783526666666667,640,8,0.6792043991174193
1848,15,OPEN-MPI,0.12263573333333332,640,8,0.5972336570200312
1849,15,OPEN-MPI,0.11834073333333334,640,8,0.618909359752714
1850,15,OPEN-MPI,0.11707833333333335,640,8,0.6255827651002889
1851,15,OPEN-MPI,0.10556946666666667,640,8,0.6937819221087915
1852,20,OPEN-MPI,0.1724646,640,8,0.566239390576385
1853,20,OPEN-MPI,0.1595008,640,8,0.6122618193764545
1854,20,OPEN-MPI,0.19093685,640,8,0.5114583696127804
1855,20,OPEN-MPI,0.17133965,640,8,0.569957099830658
1856,20,OPEN-MPI,0.16613535000000004,640,8,0.587811383910769
1857,20,OPEN-MPI,0.14494255,640,8,0.6737583270061138
1858,20,OPEN-MPI,0.17449115,640,8,0.5596630545446001
1859,20,OPEN-MPI,0.15040384999999998,640,8,0.6492935519935162
1860,20,OPEN-MPI,0.159743,640,8,0.6113335169616196
1861,20,OPEN-MPI,0.1487328,640,8,0.656588526538867
1862,20,OPEN-MPI,0.15564275,640,8,0.627438476896611
1863,20,OPEN-MPI,0.18574805,640,8,0.5257457615302018
1864,20,OPEN-MPI,0.1812931,640,8,0.5386650126232051
1865,20,OPEN-MPI,0.16703315,640,8,0.5846519089174814
1866,20,OPEN-MPI,0.21763775000000002,640,8,0.4487100698293379
1867,20,OPEN-MPI,0.19540645,640,8,0.49975960363642036
1868,20,OPEN-MPI,0.14167040000000003,640,8,0.6893200696828694
1869,20,OPEN-MPI,0.16652345,640,8,0.5864414291200429
1870,20,OPEN-MPI,0.15937905,640,8,0.6127295275006345
1871,20,OPEN-MPI,0.14650409999999997,640,8,0.6665769080865315
1872,20,OPEN-MPI,0.19002144999999998,640,8,0.5139222440413964
1873,20,OPEN-MPI,0.13998115,640,8,0.6976385749081215
1874,20,OPEN-MPI,0.16265854999999999,640,8,0.6003757564542411
1875,20,OPEN-MPI,0.16196315,640,8,0.6029535113388447
1876,20,OPEN-MPI,0.1768457,640,8,0.5522116172459947
1877,20,OPEN-MPI,0.17413315000000001,640,8,0.5608136647157649
1878,20,OPEN-MPI,0.17059325,640,8,0.5724508443329381
1879,20,OPEN-MPI,0.1527491,640,8,0.6393245524850883
1880,20,OPEN-MPI,0.1750523,640,8,0.5578689911529298
1881,20,OPEN-MPI,0.1698956,640,8,0.5748015251719291
1882,25,OPEN-MPI,0.17262444,640,8,0.7071438580771067
1883,25,OPEN-MPI,0.25557268,640,8,0.4776344345569331
1884,25,OPEN-MPI,0.19036644,640,8,0.6412386159030972
1885,25,OPEN-MPI,0.20293912000000003,640,8,0.6015119830025871
1886,25,OPEN-MPI,0.19911500000000004,640,8,0.6130643723476382
1887,25,OPEN-MPI,0.20332324,640,8,0.600375601431494
1888,25,OPEN-MPI,0.25007368,640,8,0.488137386149554
1889,25,OPEN-MPI,0.18779732,640,8,0.6500109399857251
1890,25,OPEN-MPI,0.18374459999999998,640,8,0.6643477549816431
1891,25,OPEN-MPI,0.18945936000000002,640,8,0.6443086923760325
1892,25,OPEN-MPI,0.20788115999999998,640,8,0.587212003723666
1893,25,OPEN-MPI,0.19746836,640,8,0.618176565096302
1894,25,OPEN-MPI,0.18362104,640,8,0.664794799659124
1895,25,OPEN-MPI,0.20232023999999998,640,8,0.6033519557904835
1896,25,OPEN-MPI,0.19472092,640,8,0.6268988072776156
1897,25,OPEN-MPI,0.20640068000000003,640,8,0.5914239841651684
1898,25,OPEN-MPI,0.18907152000000005,640,8,0.6456303545875125
1899,25,OPEN-MPI,0.21087152,640,8,0.5788847754310302
1900,25,OPEN-MPI,0.2173426,640,8,0.5616492694023169
1901,25,OPEN-MPI,0.20594491999999998,640,8,0.5927328166191232
1902,25,OPEN-MPI,0.19459308,640,8,0.6273106551373769
1903,25,OPEN-MPI,0.17321412,640,8,0.7047364989644032
1904,25,OPEN-MPI,0.18713648,640,8,0.6523063408053844
1905,25,OPEN-MPI,0.2015206,640,8,0.6057460750910825
1906,30,OPEN-MPI,0.1428257666666667,640,8,1.025615884435418
1907,30,OPEN-MPI,0.18133903333333337,640,8,0.8077928524673211
1908,30,OPEN-MPI,0.16175683333333338,640,8,0.9055838444743702
1909,30,OPEN-MPI,0.1624517,640,8,0.9017103237454579
1910,30,OPEN-MPI,0.19090369999999993,640,8,0.767320774819975
1911,30,OPEN-MPI,0.15766650000000001,640,8,0.9290773563185584
1912,30,OPEN-MPI,0.16105869999999997,640,8,0.9095092348317727
1913,30,OPEN-MPI,0.1550638666666667,640,8,0.9446712386896065
1914,30,OPEN-MPI,0.14190346666666667,640,8,1.0322818634451965
1915,30,OPEN-MPI,0.1932111,640,8,0.7581571400400908
1916,30,OPEN-MPI,0.17100963333333333,640,8,0.8565855159426692
1917,30,OPEN-MPI,0.1550771333333333,640,8,0.9445904231743603
1918,30,OPEN-MPI,0.16055743333333336,640,8,0.9123487586892581
1919,30,OPEN-MPI,0.1587998333333333,640,8,0.9224466545409894
1920,30,OPEN-MPI,0.15701606666666665,640,8,0.932926025404619
1921,30,OPEN-MPI,0.1552646,640,8,0.9434499235498626
1922,30,OPEN-MPI,0.1412102,640,8,1.0373498160897725
1923,30,OPEN-MPI,0.1810766,640,8,0.8089635822629759
1924,30,OPEN-MPI,0.13206189999999998,640,8,1.1092099613893183
1925,30,OPEN-MPI,0.1526121,640,8,0.9598477119442036
